-- MySQL dump 10.13  Distrib 5.7.24, for Linux (x86_64)
--
-- Host: localhost    Database: myproject
-- ------------------------------------------------------
-- Server version	5.7.24-0ubuntu0.16.04.1

/*!40101 SET @OLD_CHARACTER_SET_CLIENT=@@CHARACTER_SET_CLIENT */;
/*!40101 SET @OLD_CHARACTER_SET_RESULTS=@@CHARACTER_SET_RESULTS */;
/*!40101 SET @OLD_COLLATION_CONNECTION=@@COLLATION_CONNECTION */;
/*!40101 SET NAMES utf8 */;
/*!40103 SET @OLD_TIME_ZONE=@@TIME_ZONE */;
/*!40103 SET TIME_ZONE='+00:00' */;
/*!40014 SET @OLD_UNIQUE_CHECKS=@@UNIQUE_CHECKS, UNIQUE_CHECKS=0 */;
/*!40014 SET @OLD_FOREIGN_KEY_CHECKS=@@FOREIGN_KEY_CHECKS, FOREIGN_KEY_CHECKS=0 */;
/*!40101 SET @OLD_SQL_MODE=@@SQL_MODE, SQL_MODE='NO_AUTO_VALUE_ON_ZERO' */;
/*!40111 SET @OLD_SQL_NOTES=@@SQL_NOTES, SQL_NOTES=0 */;

--
-- Table structure for table `apply_block`
--

DROP TABLE IF EXISTS `apply_block`;
/*!40101 SET @saved_cs_client     = @@character_set_client */;
/*!40101 SET character_set_client = utf8 */;
CREATE TABLE `apply_block` (
  `id` int(11) NOT NULL AUTO_INCREMENT,
  `region_id` int(3) DEFAULT NULL COMMENT '行政区id ，关联region表id',
  `name` varchar(50) DEFAULT NULL COMMENT '商圈名称',
  `sort` int(11) DEFAULT '0' COMMENT '排序',
  `status` enum('0','1') DEFAULT '0' COMMENT '状态 0未发布 1已发布',
  PRIMARY KEY (`id`),
  UNIQUE KEY `name` (`name`)
) ENGINE=InnoDB AUTO_INCREMENT=199 DEFAULT CHARSET=utf8;
/*!40101 SET character_set_client = @saved_cs_client */;

--
-- Dumping data for table `apply_block`
--

LOCK TABLES `apply_block` WRITE;
/*!40000 ALTER TABLE `apply_block` DISABLE KEYS */;
INSERT INTO `apply_block` VALUES (1,3,'SM广场',0,'1'),(2,8,'一品天下',0,'1'),(3,3,'万年场',0,'1'),(4,6,'万春镇',0,'1'),(5,9,'万达',0,'1'),(6,9,'三圣乡',0,'1'),(7,4,'三河',0,'1'),(8,7,'三道堰',0,'1'),(9,11,'世纪城',0,'1'),(10,9,'东光小区',0,'1'),(11,1,'东升镇',0,'1'),(12,9,'东大街',0,'1'),(13,9,'东教场',0,'1'),(14,3,'东风路',0,'1'),(15,10,'中医附院',0,'1'),(16,11,'中和镇',0,'1'),(17,12,'中海国际',0,'1'),(18,9,'九眼桥',0,'1'),(19,8,'九里堤',0,'1'),(20,3,'二仙桥',0,'1'),(21,8,'五块石',0,'1'),(22,5,'五大花园',0,'1'),(23,3,'五桂桥',0,'1'),(24,8,'交大路',0,'1'),(25,10,'人民公园',0,'1'),(26,8,'人民北路',0,'1'),(27,6,'光华大道',0,'1'),(28,10,'八宝街',0,'1'),(29,3,'八里小区',0,'1'),(30,6,'公平镇',0,'1'),(31,10,'内光华',0,'1'),(32,5,'内双楠',0,'1'),(33,3,'动物园',0,'1'),(34,6,'北部新城',0,'1'),(35,3,'十里店',0,'1'),(36,13,'十陵镇',0,'1'),(37,2,'华府',0,'1'),(38,1,'华阳',0,'1'),(39,11,'南延线',0,'1'),(40,2,'南湖公园',0,'1'),(41,6,'南熏大道',0,'1'),(42,11,'南苑',0,'1'),(43,7,'友爱',0,'1'),(44,3,'双林路',0,'1'),(45,3,'双桥子',0,'1'),(46,7,'古城',0,'1'),(47,9,'合江亭',0,'1'),(48,10,'同仁路',0,'1'),(49,7,'唐元',0,'1'),(50,7,'唐昌',0,'1'),(51,13,'商业片区',0,'1'),(52,7,'团结',0,'1'),(53,8,'国宾',0,'1'),(54,3,'圣灯路',0,'1'),(55,10,'外光华',0,'1'),(56,5,'外双楠',0,'1'),(57,10,'外金沙',0,'1'),(58,4,'大丰',0,'1'),(59,11,'大源村',0,'1'),(60,5,'大石西路',0,'1'),(61,9,'大观',0,'1'),(62,13,'大面镇',0,'1'),(63,10,'天府广场',0,'1'),(64,11,'天府长城',0,'1'),(65,10,'太升路',0,'1'),(66,11,'孵化园',0,'1'),(67,7,'安德',0,'1'),(68,7,'安靖',0,'1'),(69,5,'小天竺街',0,'1'),(70,3,'崔家店',0,'1'),(71,5,'川大',0,'1'),(72,9,'川师',0,'1'),(73,5,'川音',0,'1'),(74,5,'广福桥',0,'1'),(75,10,'府南新区',0,'1'),(76,3,'府青路',0,'1'),(77,3,'建设路',0,'1'),(78,1,'彭镇',0,'1'),(79,7,'德源',0,'1'),(80,13,'总站片区',0,'1'),(81,13,'恒大绿洲',0,'1'),(82,9,'成仁路',0,'1'),(83,3,'成渝立交',0,'1'),(84,8,'抚琴小区',0,'1'),(85,9,'攀成钢',0,'1'),(86,1,'文星',0,'1'),(87,10,'文殊坊',0,'1'),(88,4,'斑竹园',0,'1'),(89,3,'新华公园',0,'1'),(90,5,'新南门',0,'1'),(91,5,'新双楠',0,'1'),(92,4,'新民',0,'1'),(93,7,'新民场',0,'1'),(94,4,'新繁',0,'1'),(95,4,'新都新城区',0,'1'),(96,4,'新都老城区',0,'1'),(97,3,'新鸿路',0,'1'),(98,9,'春熙路',0,'1'),(99,5,'望江路',0,'1'),(100,4,'木兰',0,'1'),(101,5,'机投镇',0,'1'),(102,3,'杉板桥',0,'1'),(103,8,'李家沱',0,'1'),(104,6,'杨柳河',0,'1'),(105,5,'桐梓林',0,'1'),(106,8,'梁家巷',0,'1'),(107,5,'棕北',0,'1'),(108,5,'棕南',0,'1'),(109,3,'槐树店',0,'1'),(110,8,'欢乐谷',0,'1'),(111,5,'武侯祠大街',0,'1'),(112,5,'武阳大道',0,'1'),(113,9,'水碾河',0,'1'),(114,6,'永宁镇',0,'1'),(115,9,'沙河堡',0,'1'),(116,8,'沙河源',0,'1'),(117,8,'沙湾',0,'1'),(118,4,'泰兴',0,'1'),(119,5,'洗面桥',0,'1'),(120,13,'洪河镇',0,'1'),(121,10,'浣花小区',0,'1'),(122,9,'海椒市',0,'1'),(123,5,'清水河',0,'1'),(124,6,'温江城区',0,'1'),(125,13,'滨河片区',0,'1'),(126,3,'火车东站',0,'1'),(127,8,'火车北站',0,'1'),(128,5,'火车南站',0,'1'),(129,9,'牛市口',0,'1'),(130,9,'牛沙路',0,'1'),(131,9,'牛王庙',0,'1'),(132,1,'牧马山',0,'1'),(133,7,'犀浦',0,'1'),(134,3,'猛追湾',0,'1'),(135,5,'玉林',0,'1'),(136,11,'理想中心',0,'1'),(137,9,'琉璃厂',0,'1'),(138,1,'白家',0,'1'),(139,10,'白果林',0,'1'),(140,12,'百草路',0,'1'),(141,9,'盐市口',0,'1'),(142,10,'石人',0,'1'),(143,4,'石板滩',0,'1'),(144,5,'磨子桥',0,'1'),(145,11,'神仙树',0,'1'),(146,5,'科华路',0,'1'),(147,5,'簇桥',0,'1'),(148,11,'紫荆',0,'1'),(149,7,'红光',0,'1'),(150,9,'红星路',0,'1'),(151,5,'红牌楼',0,'1'),(152,11,'美年广场',0,'1'),(153,5,'肖家河',0,'1'),(154,13,'航天片区',0,'1'),(155,1,'航空港',0,'1'),(156,5,'航空路',0,'1'),(157,8,'花牌坊',0,'1'),(158,11,'芳草',0,'1'),(159,5,'芳草街',0,'1'),(160,8,'茶店子',0,'1'),(161,10,'草堂',0,'1'),(162,10,'草市街',0,'1'),(163,8,'荷花池',0,'1'),(164,9,'莲桂路',0,'1'),(165,8,'营门口',0,'1'),(166,1,'蛟龙港',0,'1'),(167,8,'蜀汉路',0,'1'),(168,5,'衣冠庙',0,'1'),(169,10,'西南财大区',0,'1'),(170,10,'西月城街',0,'1'),(171,12,'西源大道',0,'1'),(172,10,'贝森',0,'1'),(173,3,'财富又一城',0,'1'),(174,5,'跳伞塔',0,'1'),(175,6,'踏水镇',0,'1'),(176,7,'郫筒',0,'1'),(177,10,'金沙',0,'1'),(178,8,'金牛万达',0,'1'),(179,12,'金粮路',0,'1'),(180,5,'金花镇',0,'1'),(181,11,'金融城',0,'1'),(182,6,'金马镇',0,'1'),(183,10,'长顺街',0,'1'),(184,13,'阳光城',0,'1'),(185,3,'青龙场',0,'1'),(186,9,'静居寺',0,'1'),(187,10,'顺城街',0,'1'),(188,8,'马鞍路',0,'1'),(189,3,'驷马桥',0,'1'),(190,5,'高升桥',0,'1'),(191,5,'高攀路',0,'1'),(192,8,'高笋塘',0,'1'),(193,1,'麓山',0,'1'),(194,8,'黄忠',0,'1'),(195,1,'黄龙溪',0,'1'),(196,4,'龙桥',0,'1'),(197,3,'龙潭寺',0,'1'),(198,9,'龙舟路',0,'1');
/*!40000 ALTER TABLE `apply_block` ENABLE KEYS */;
UNLOCK TABLES;

--
-- Table structure for table `apply_community`
--

DROP TABLE IF EXISTS `apply_community`;
/*!40101 SET @saved_cs_client     = @@character_set_client */;
/*!40101 SET character_set_client = utf8 */;
CREATE TABLE `apply_community` (
  `id` int(11) NOT NULL AUTO_INCREMENT,
  `name` varchar(100) DEFAULT NULL COMMENT '小区名称',
  `region_id` int(4) DEFAULT NULL COMMENT '所属区域，关联region表id',
  `block_id` int(4) DEFAULT NULL COMMENT '所属商圈，关联block表id',
  `address` varchar(50) DEFAULT NULL COMMENT '地址',
  `acreage` decimal(8,2) DEFAULT NULL COMMENT '占地面积',
  `park_space` varchar(255) DEFAULT NULL COMMENT '停车位',
  `green_rate` decimal(8,2) DEFAULT NULL COMMENT '绿化率',
  `volume_rate` decimal(8,2) DEFAULT NULL COMMENT '容积率',
  `build_type` varchar(40) DEFAULT NULL COMMENT '建筑类型',
  `build_years` varchar(20) DEFAULT NULL COMMENT '建成年份',
  `build_area` decimal(8,2) DEFAULT NULL COMMENT '建筑面积',
  `house_count` int(6) DEFAULT NULL COMMENT '房屋套数',
  `property_type` varchar(40) DEFAULT NULL COMMENT '产权类型',
  `property_years` varchar(20) DEFAULT NULL COMMENT '产权年限',
  `property_company` varchar(40) DEFAULT NULL COMMENT '物业公司',
  `developers` varchar(40) DEFAULT NULL COMMENT '开发商',
  `property_costs` decimal(8,2) DEFAULT NULL COMMENT '物业价格',
  `property_tel` varchar(40) DEFAULT NULL COMMENT '物业电话',
  `property_addr` varchar(100) DEFAULT NULL COMMENT '物业地址',
  `lat` varchar(15) DEFAULT NULL COMMENT '纬度',
  `lon` varchar(15) DEFAULT NULL COMMENT '经度',
  PRIMARY KEY (`id`),
  KEY `region` (`region_id`),
  KEY `block` (`block_id`)
) ENGINE=InnoDB AUTO_INCREMENT=4 DEFAULT CHARSET=utf8;
/*!40101 SET character_set_client = @saved_cs_client */;

--
-- Dumping data for table `apply_community`
--

LOCK TABLES `apply_community` WRITE;
/*!40000 ALTER TABLE `apply_community` DISABLE KEYS */;
INSERT INTO `apply_community` VALUES (1,'西雅雨嫣',8,160,'金牛坝路5号',NULL,'253个停车位',0.25,2.40,'小高层','2003年',NULL,226,'商品房住宅','70年','自主物业','四川省环保建设房地产开发有限公司',0.80,NULL,NULL,'30.71066','104.02755'),(2,'一品天下D区',8,167,'营康西路427号',NULL,NULL,0.30,2.30,'多层','2006年',NULL,NULL,'商品房住宅其他',NULL,'成都金港物业管理有限责任公司','成都北辰浩房地产开发有限公司',1.00,NULL,NULL,'30.698841','104.032892'),(3,'神仙园',11,145,'神仙树南路11号',NULL,'靠边停车',0.20,2.20,'多层','2000年',NULL,210,'商品房住宅','70年','业主自管','',0.00,NULL,NULL,'30.621346','104.054887');
/*!40000 ALTER TABLE `apply_community` ENABLE KEYS */;
UNLOCK TABLES;

--
-- Table structure for table `apply_community_traffic`
--

DROP TABLE IF EXISTS `apply_community_traffic`;
/*!40101 SET @saved_cs_client     = @@character_set_client */;
/*!40101 SET character_set_client = utf8 */;
CREATE TABLE `apply_community_traffic` (
  `id` int(11) unsigned NOT NULL AUTO_INCREMENT,
  `community_id` int(11) DEFAULT NULL,
  `traffic_id` int(11) DEFAULT NULL,
  PRIMARY KEY (`id`)
) ENGINE=InnoDB AUTO_INCREMENT=3 DEFAULT CHARSET=latin1;
/*!40101 SET character_set_client = @saved_cs_client */;

--
-- Dumping data for table `apply_community_traffic`
--

LOCK TABLES `apply_community_traffic` WRITE;
/*!40000 ALTER TABLE `apply_community_traffic` DISABLE KEYS */;
INSERT INTO `apply_community_traffic` VALUES (1,2,3),(2,2,5);
/*!40000 ALTER TABLE `apply_community_traffic` ENABLE KEYS */;
UNLOCK TABLES;

--
-- Table structure for table `apply_customer`
--

DROP TABLE IF EXISTS `apply_customer`;
/*!40101 SET @saved_cs_client     = @@character_set_client */;
/*!40101 SET character_set_client = utf8 */;
CREATE TABLE `apply_customer` (
  `id` int(11) NOT NULL AUTO_INCREMENT,
  `account` varchar(50) DEFAULT NULL COMMENT '账户名',
  `password` varchar(50) DEFAULT NULL COMMENT '密码',
  `realname` varchar(30) DEFAULT NULL COMMENT '真实姓名',
  `status` enum('0','1') DEFAULT '1' COMMENT '状态 0冻结 1启用',
  `create_time` timestamp NOT NULL DEFAULT CURRENT_TIMESTAMP ON UPDATE CURRENT_TIMESTAMP COMMENT '创建时间',
  PRIMARY KEY (`id`),
  UNIQUE KEY `account` (`account`)
) ENGINE=InnoDB DEFAULT CHARSET=utf8;
/*!40101 SET character_set_client = @saved_cs_client */;

--
-- Dumping data for table `apply_customer`
--

LOCK TABLES `apply_customer` WRITE;
/*!40000 ALTER TABLE `apply_customer` DISABLE KEYS */;
/*!40000 ALTER TABLE `apply_customer` ENABLE KEYS */;
UNLOCK TABLES;

--
-- Table structure for table `apply_facilities`
--

DROP TABLE IF EXISTS `apply_facilities`;
/*!40101 SET @saved_cs_client     = @@character_set_client */;
/*!40101 SET character_set_client = utf8 */;
CREATE TABLE `apply_facilities` (
  `id` int(11) NOT NULL AUTO_INCREMENT,
  `name` varchar(50) DEFAULT NULL COMMENT '设施名称',
  `imgurl` varchar(100) DEFAULT NULL COMMENT '图片路径',
  PRIMARY KEY (`id`)
) ENGINE=InnoDB AUTO_INCREMENT=13 DEFAULT CHARSET=utf8;
/*!40101 SET character_set_client = @saved_cs_client */;

--
-- Dumping data for table `apply_facilities`
--

LOCK TABLES `apply_facilities` WRITE;
/*!40000 ALTER TABLE `apply_facilities` DISABLE KEYS */;
INSERT INTO `apply_facilities` VALUES (1,'冰箱','media/images/facilities/zufang-detail-icon_02.png'),(2,'宽带','media/images/facilities/zufang-detail-icon_08-10.png'),(3,'暖气','media/images/facilities/zufang-detail-icon_20.png'),(4,'阳台','media/images/facilities/zufang-detail-icon_22.png'),(5,'独立卫生间','media/images/facilities/zufang-detail-icon_24.png'),(6,'洗衣机','media/images/facilities/zufang-detail-icon_16.png'),(7,'热水器','media/images/facilities/zufang-detail-icon_08-12.png'),(8,'空调','media/images/facilities/zufang-detail-icon_08.png'),(9,'床','media/images/facilities/zufang-detail-icon_04.png'),(10,'沙发','media/images/facilities/zufang-detail-icon_10.png'),(11,'电视','media/images/facilities/zufang-detail-icon_06.png'),(12,'衣柜','media/images/facilities/zufang-detail-icon_18.png');
/*!40000 ALTER TABLE `apply_facilities` ENABLE KEYS */;
UNLOCK TABLES;

--
-- Table structure for table `apply_house`
--

DROP TABLE IF EXISTS `apply_house`;
/*!40101 SET @saved_cs_client     = @@character_set_client */;
/*!40101 SET character_set_client = utf8 */;
CREATE TABLE `apply_house` (
  `id` int(11) NOT NULL AUTO_INCREMENT,
  `community_id` int(11) DEFAULT NULL COMMENT '小区id ，关联community表id',
  `title` varchar(100) DEFAULT NULL COMMENT '房屋标题',
  `building` varchar(3) DEFAULT NULL COMMENT '栋',
  `unit` varchar(3) DEFAULT NULL COMMENT '单元',
  `storey` varchar(3) DEFAULT NULL COMMENT '层',
  `room` varchar(3) DEFAULT NULL COMMENT '房号',
  `bedroom` varchar(3) DEFAULT NULL COMMENT '卧室',
  `livingroom` varchar(3) DEFAULT NULL COMMENT '客厅',
  `toilet` varchar(3) DEFAULT NULL COMMENT '卫生间',
  `balcony` varchar(3) DEFAULT NULL COMMENT '阳台',
  `acreage` decimal(8,2) DEFAULT NULL COMMENT '面积',
  `fitment` tinyint(1) DEFAULT NULL COMMENT '装修类型',
  `orientation` tinyint(2) DEFAULT NULL COMMENT '朝向',
  `storey_total` int(3) DEFAULT NULL COMMENT '总楼层',
  `storey_property` tinyint(1) DEFAULT NULL COMMENT '楼层属性',
  `rental` int(6) DEFAULT NULL COMMENT '租金',
  `pay_method` tinyint(2) DEFAULT NULL COMMENT '支付方式',
  `phone` varchar(11) DEFAULT NULL COMMENT '联系电话',
  `number` varchar(4) DEFAULT NULL COMMENT '房屋编号',
  `keyword` varchar(100) DEFAULT NULL COMMENT '房屋关键字',
  `imgurl` varchar(100) DEFAULT NULL COMMENT '封面图片路径',
  `status` enum('0','1') DEFAULT '0' COMMENT '状态 0未发布 1已发布',
  `create_time` timestamp NOT NULL DEFAULT CURRENT_TIMESTAMP ON UPDATE CURRENT_TIMESTAMP COMMENT '创建时间',
  PRIMARY KEY (`id`),
  KEY `bedroom` (`bedroom`),
  KEY `rental` (`rental`),
  KEY `title` (`title`),
  KEY `keyword` (`keyword`)
) ENGINE=InnoDB AUTO_INCREMENT=11 DEFAULT CHARSET=utf8;
/*!40101 SET character_set_client = @saved_cs_client */;

--
-- Dumping data for table `apply_house`
--

LOCK TABLES `apply_house` WRITE;
/*!40000 ALTER TABLE `apply_house` DISABLE KEYS */;
INSERT INTO `apply_house` VALUES (1,1,'整租 茶店子西雅语嫣 出门就是公交 家具家电齐全,金牛坝路5号',NULL,NULL,NULL,NULL,'1','1','1',NULL,45.00,1,8,11,1,1200,7,'15520956568',NULL,NULL,'media/images/house/5af92df62acb1.jpg','1','2018-11-20 11:44:19'),(2,1,'金牛大道 茶店子 交通便利 安静舒适 精装套一 拎包入住,金牛坝路5号',NULL,NULL,NULL,NULL,'1','1','1',NULL,55.00,3,1,11,1,1500,7,'13398163139',NULL,NULL,'media/images/house/5af92df62acb1.jpg','1','2018-11-20 11:44:19'),(3,1,'茶店子地铁旁 精装套三 温馨电梯房,金牛坝路5号',NULL,NULL,NULL,NULL,'1','1','1',NULL,50.00,3,6,11,2,1600,7,'18080400354',NULL,NULL,'media/images/house/5af92df62acb1.jpg','1','2018-11-20 11:44:19'),(4,2,'茶店子一品天下，地铁2号线旁，石笋街小学旁，精装全配。,营康西路427号',NULL,NULL,NULL,NULL,'2','2','1',NULL,93.00,3,9,8,2,2600,7,'18200323703',NULL,NULL,'media/images/house/5af92df62acb1.jpg','1','2018-11-20 11:44:19'),(5,2,'一品天下带50平方花园1800套一 地铁2号线一品天下站旁,营康西路427号',NULL,NULL,NULL,NULL,'2','1','1',NULL,60.00,3,2,8,3,1800,13,'18200323703',NULL,NULL,'media/images/house/5af92df62acb1.jpg','1','2018-11-20 11:44:19'),(6,2,'美食一条街，精装套二，拎包入住，一品天下地铁口，一品天下C区,营康西路427号',NULL,NULL,NULL,NULL,'2','2','1',NULL,78.00,3,6,9,3,2000,7,'17744207686',NULL,NULL,'media/images/house/5af92df62acb1.jpg','1','2018-11-20 11:44:19'),(7,3,'神仙园 2室1厅1卫,神仙树南路11号',NULL,NULL,NULL,NULL,'2','1','1',NULL,58.00,5,5,6,2,2300,7,'18908192425',NULL,NULL,'media/images/house/5af92df62acb1.jpg','1','2018-11-20 11:44:19'),(8,3,'神仙园 套二 家具家电齐全 可随时看房,神仙树南路11号',NULL,NULL,NULL,NULL,'2','2','1',NULL,75.00,0,10,6,1,2100,7,'18080999743',NULL,NULL,'media/images/house/5af92df62acb1.jpg','1','2018-11-20 11:44:19'),(9,2,'精品理发店转让 没转让费 做其他生意 办公可以 黄.金地段,营康西路427号',NULL,NULL,NULL,NULL,'1','1','1',NULL,110.00,3,6,8,1,8200,7,'15884448992',NULL,NULL,'media/images/house/5af92df62acb1.jpg','1','2018-11-20 11:44:19'),(10,3,'三楼，精装套二《神仙园》挨着七号线地铁口 配置齐全 拎包入住,神仙树南路11号',NULL,NULL,NULL,NULL,'2','1','1',NULL,60.00,1,6,6,2,2200,7,'18224461061',NULL,'12345678','media/images/house/5af92df62acb1.jpg','1','2018-11-22 02:41:53');
/*!40000 ALTER TABLE `apply_house` ENABLE KEYS */;
UNLOCK TABLES;

--
-- Table structure for table `apply_house_facilities`
--

DROP TABLE IF EXISTS `apply_house_facilities`;
/*!40101 SET @saved_cs_client     = @@character_set_client */;
/*!40101 SET character_set_client = utf8 */;
CREATE TABLE `apply_house_facilities` (
  `id` int(11) NOT NULL AUTO_INCREMENT,
  `house_id` int(11) DEFAULT NULL COMMENT '房屋ID',
  `facilities_id` int(11) DEFAULT NULL COMMENT '配套设施ID',
  PRIMARY KEY (`id`)
) ENGINE=InnoDB AUTO_INCREMENT=4 DEFAULT CHARSET=utf8;
/*!40101 SET character_set_client = @saved_cs_client */;

--
-- Dumping data for table `apply_house_facilities`
--

LOCK TABLES `apply_house_facilities` WRITE;
/*!40000 ALTER TABLE `apply_house_facilities` DISABLE KEYS */;
INSERT INTO `apply_house_facilities` VALUES (1,10,2),(2,10,3),(3,10,4);
/*!40000 ALTER TABLE `apply_house_facilities` ENABLE KEYS */;
UNLOCK TABLES;

--
-- Table structure for table `apply_housealbum`
--

DROP TABLE IF EXISTS `apply_housealbum`;
/*!40101 SET @saved_cs_client     = @@character_set_client */;
/*!40101 SET character_set_client = utf8 */;
CREATE TABLE `apply_housealbum` (
  `id` int(11) NOT NULL AUTO_INCREMENT,
  `house_id` int(11) DEFAULT NULL COMMENT '房屋id ，关联house表id',
  `name` varchar(100) DEFAULT NULL COMMENT '图片名称',
  `imgurl` varchar(100) DEFAULT NULL COMMENT '图片路径',
  `status` enum('0','1') DEFAULT '0' COMMENT '状态 0未发布 1已发布',
  `sort` int(11) DEFAULT '0',
  PRIMARY KEY (`id`)
) ENGINE=InnoDB AUTO_INCREMENT=51 DEFAULT CHARSET=utf8;
/*!40101 SET character_set_client = @saved_cs_client */;

--
-- Dumping data for table `apply_housealbum`
--

LOCK TABLES `apply_housealbum` WRITE;
/*!40000 ALTER TABLE `apply_housealbum` DISABLE KEYS */;
INSERT INTO `apply_housealbum` VALUES (1,10,'客厅','media/images/housealbum/5af92de762c0a.jpg','1',5),(2,10,'卧室','media/images/housealbum/5af92e1fb2d79.jpg','1',3),(3,10,'卫生间','media/images/housealbum/5af92e519bc33.jpg','1',1),(4,10,'客厅','media/images/housealbum/5af92e042878b.jpg','1',4),(5,10,'厨房','media/images/housealbum/5af92e49be624.jpg','1',2),(6,9,'客厅','media/images/housealbum/5af92de762c0a.jpg','1',5),(7,9,'客厅','media/images/housealbum/5af92e042878b.jp','1',4),(8,9,'卧室','media/images/housealbum/5af92e1fb2d79.jpg','1',3),(9,9,'厨房','media/images/housealbum/5af92e49be624.jpg','1',2),(10,9,'卫生间','media/images/housealbum/5af92e519bc33.jpg','1',1),(11,8,'客厅','media/images/housealbum/5af92de762c0a.jpg','1',5),(12,8,'客厅','media/images/housealbum/5af92e042878b.jp','1',4),(13,8,'卧室','media/images/housealbum/5af92e1fb2d79.jpg','1',3),(14,8,'厨房','media/images/housealbum/5af92e49be624.jpg','1',2),(15,8,'卫生间','media/images/housealbum/5af92e519bc33.jpg','1',1),(16,7,'客厅','media/images/housealbum/5af92de762c0a.jpg','1',5),(17,7,'客厅','media/images/housealbum/5af92e042878b.jp','1',4),(18,7,'卧室','media/images/housealbum/5af92e1fb2d79.jpg','1',3),(19,7,'厨房','media/images/housealbum/5af92e49be624.jpg','1',2),(20,7,'卫生间','media/images/housealbum/5af92e519bc33.jpg','1',1),(21,6,'客厅','media/images/housealbum/5af92de762c0a.jpg','1',5),(22,6,'客厅','media/images/housealbum/5af92e042878b.jp','1',4),(23,6,'卧室','media/images/housealbum/5af92e1fb2d79.jpg','1',3),(24,6,'厨房','media/images/housealbum/5af92e49be624.jpg','1',2),(25,6,'卫生间','media/images/housealbum/5af92e519bc33.jpg','1',1),(26,5,'客厅','media/images/housealbum/5af92de762c0a.jpg','1',5),(27,5,'客厅','media/images/housealbum/5af92e042878b.jp','1',4),(28,5,'卧室','media/images/housealbum/5af92e1fb2d79.jpg','1',3),(29,5,'厨房','media/images/housealbum/5af92e49be624.jpg','1',2),(30,5,'卫生间','media/images/housealbum/5af92e519bc33.jpg','1',1),(31,4,'客厅','media/images/housealbum/5af92de762c0a.jpg','1',5),(32,4,'客厅','media/images/housealbum/5af92e042878b.jp','1',4),(33,4,'卧室','media/images/housealbum/5af92e1fb2d79.jpg','1',3),(34,4,'厨房','media/images/housealbum/5af92e49be624.jpg','1',2),(35,4,'卫生间','media/images/housealbum/5af92e519bc33.jpg','1',1),(36,3,'客厅','media/images/housealbum/5af92de762c0a.jpg','1',5),(37,3,'客厅','media/images/housealbum/5af92e042878b.jp','1',4),(38,3,'卧室','media/images/housealbum/5af92e1fb2d79.jpg','1',3),(39,3,'厨房','media/images/housealbum/5af92e49be624.jpg','1',2),(40,3,'卫生间','media/images/housealbum/5af92e519bc33.jpg','1',1),(41,2,'客厅','media/images/housealbum/5af92de762c0a.jpg','1',5),(42,2,'客厅','media/images/housealbum/5af92e042878b.jp','1',4),(43,2,'卧室','media/images/housealbum/5af92e1fb2d79.jpg','1',3),(44,2,'厨房','media/images/housealbum/5af92e49be624.jpg','1',2),(45,2,'卫生间','media/images/housealbum/5af92e519bc33.jpg','1',1),(46,1,'客厅','media/images/housealbum/5af92de762c0a.jpg','1',5),(47,1,'客厅','media/images/housealbum/5af92e042878b.jp','1',4),(48,1,'卧室','media/images/housealbum/5af92e1fb2d79.jpg','1',3),(49,1,'厨房','media/images/housealbum/5af92e49be624.jpg','1',2),(50,1,'卫生间','media/images/housealbum/5af92e519bc33.jpg','1',1);
/*!40000 ALTER TABLE `apply_housealbum` ENABLE KEYS */;
UNLOCK TABLES;

--
-- Table structure for table `apply_life`
--

DROP TABLE IF EXISTS `apply_life`;
/*!40101 SET @saved_cs_client     = @@character_set_client */;
/*!40101 SET character_set_client = utf8 */;
CREATE TABLE `apply_life` (
  `id` int(11) NOT NULL AUTO_INCREMENT,
  `lifetype_id` int(11) DEFAULT NULL COMMENT '类型id ，关联lifetype表id',
  `title` varchar(50) DEFAULT NULL COMMENT '房屋标题',
  `content` text COMMENT '正文',
  `keyword` varchar(100) DEFAULT NULL COMMENT '房屋关键字',
  `imgurl` varchar(100) DEFAULT NULL COMMENT '图片路径',
  `click` int(11) DEFAULT '1' COMMENT '点击量',
  `status` enum('0','1') DEFAULT '0' COMMENT '状态 0未发布 1已发布',
  `create_time` timestamp NOT NULL DEFAULT CURRENT_TIMESTAMP ON UPDATE CURRENT_TIMESTAMP COMMENT '创建时间',
  PRIMARY KEY (`id`),
  KEY `title` (`title`),
  KEY `keyword` (`keyword`)
) ENGINE=InnoDB AUTO_INCREMENT=93 DEFAULT CHARSET=utf8;
/*!40101 SET character_set_client = @saved_cs_client */;

--
-- Dumping data for table `apply_life`
--

LOCK TABLES `apply_life` WRITE;
/*!40000 ALTER TABLE `apply_life` DISABLE KEYS */;
INSERT INTO `apply_life` VALUES (1,5,'为迎春运地铁延时公交通宵，这些时间点你要记着！','<p><img alt=\"为迎春运地铁延时公交通宵，这些时间点你要记着！\" src=\"http://p3.pstatp.com/large/61400013c458d9d4130f\" style=\"-webkit-max-logical-width:100%; -webkit-tap-highlight-color:transparent; border-style:none; box-sizing:border-box !important; color:#222222; display:block; font-family:&quot;PingFang SC&quot;,&quot;Hiragino Sans GB&quot;,&quot;Microsoft YaHei&quot;,&quot;WenQuanYi Micro Hei&quot;,&quot;Helvetica Neue&quot;,Arial,sans-serif; height:auto !important; margin:10px auto; max-width:100%; outline:none 0px !important; padding:0px; white-space:normal; word-wrap:break-word !important\" /></p>\r\n\r\n<p>来成都这几年，最恐惧的地方就是每年春节回家的火车站，每次硬生生能把我的D罩挤成A。</p>\r\n\r\n<p>而且手速慢的我每次都只能抢到最晚的几班车票，有时候地铁公交都没有，一个人在寒风中发抖......因此，今年我专门去做了功课，把公交、地铁、航班的春运资讯摸了个透，在这分享给和我一样需要回家的你~</p>\r\n\r\n<p><img alt=\"为迎春运地铁延时公交通宵，这些时间点你要记着！\" src=\"http://p3.pstatp.com/large/613f0003c31104eeec2d\" style=\"-webkit-max-logical-width:100%; -webkit-tap-highlight-color:transparent; border-style:none; box-sizing:border-box !important; color:#222222; display:block; font-family:&quot;PingFang SC&quot;,&quot;Hiragino Sans GB&quot;,&quot;Microsoft YaHei&quot;,&quot;WenQuanYi Micro Hei&quot;,&quot;Helvetica Neue&quot;,Arial,sans-serif; height:auto !important; margin:10px auto; max-width:100%; outline:none 0px !important; padding:0px; white-space:normal; word-wrap:break-word !important\" /></p>\r\n\r\n<p><strong>开设双头双尾班车</strong></p>\r\n\r\n<p>因为铁路时刻表和地铁运营时间的不对称，导致春运期间地铁开站前站外就已经堆积了一大波乘客，就是为了减轻开站前大家打挤的情况，增设了&ldquo;双头列车&rdquo;。</p>\r\n\r\n<p><img alt=\"为迎春运地铁延时公交通宵，这些时间点你要记着！\" src=\"http://p3.pstatp.com/large/613c0013458f2b9189cc\" style=\"-webkit-max-logical-width:100%; -webkit-tap-highlight-color:transparent; border-style:none; box-sizing:border-box !important; color:#222222; display:block; font-family:&quot;PingFang SC&quot;,&quot;Hiragino Sans GB&quot;,&quot;Microsoft YaHei&quot;,&quot;WenQuanYi Micro Hei&quot;,&quot;Helvetica Neue&quot;,Arial,sans-serif; height:auto !important; margin:10px auto; max-width:100%; outline:none 0px !important; padding:0px; white-space:normal; word-wrap:break-word !important\" /></p>\r\n\r\n<p>所谓&ldquo;双头&rdquo;，就是在原基础的首发列车开车前又增设了一列列车，从1月20日~2月21日火车北站提前10分钟开站，火车北站的首趟载客列车发动时间由原来的6:22提前到了6:17。</p>\r\n\r\n<p><img alt=\"为迎春运地铁延时公交通宵，这些时间点你要记着！\" src=\"http://p9.pstatp.com/large/613e0003f3a2fcc7334f\" style=\"-webkit-max-logical-width:100%; -webkit-tap-highlight-color:transparent; border-style:none; box-sizing:border-box !important; color:#222222; display:block; font-family:&quot;PingFang SC&quot;,&quot;Hiragino Sans GB&quot;,&quot;Microsoft YaHei&quot;,&quot;WenQuanYi Micro Hei&quot;,&quot;Helvetica Neue&quot;,Arial,sans-serif; height:auto !important; margin:10px auto; max-width:100%; outline:none 0px !important; padding:0px; white-space:normal; word-wrap:break-word !important\" /></p>\r\n\r\n<p>成都东客站是执行&ldquo;双尾班车&rdquo;，翻译过来就是成都东客站网犀浦方向末班车由原来的22:54延迟到了23:04。</p>\r\n\r\n<p><img alt=\"为迎春运地铁延时公交通宵，这些时间点你要记着！\" src=\"http://p3.pstatp.com/large/614000016315c8dbea60\" style=\"-webkit-max-logical-width:100%; -webkit-tap-highlight-color:transparent; border-style:none; box-sizing:border-box !important; color:#222222; display:block; font-family:&quot;PingFang SC&quot;,&quot;Hiragino Sans GB&quot;,&quot;Microsoft YaHei&quot;,&quot;WenQuanYi Micro Hei&quot;,&quot;Helvetica Neue&quot;,Arial,sans-serif; height:auto !important; margin:10px auto; max-width:100%; outline:none 0px !important; padding:0px; white-space:normal; word-wrap:break-word !important\" /></p>\r\n\r\n<p>但是，如果你要做双尾班车的话，那个时候其他线路的列车是已经停运了哦，如果要从2号线转其他线路的话，只有换乘其他交通工具哈~</p>\r\n\r\n<p><strong>大年初六延迟收车</strong></p>\r\n\r\n<p>大年初六是大假最后一天，肯定好多人都是这天往回赶嘛。</p>\r\n\r\n<p>所以1、2号线不仅分别增加了2列车上线，而且全线网运营末班车收车时间都将延长30~60分钟。为了能让大家按时上班，我们的地铁也是操碎了心诶~</p>\r\n\r\n<p><img alt=\"为迎春运地铁延时公交通宵，这些时间点你要记着！\" src=\"http://p1.pstatp.com/large/6140000163165790271d\" style=\"-webkit-max-logical-width:100%; -webkit-tap-highlight-color:transparent; border-style:none; box-sizing:border-box !important; color:#222222; display:block; font-family:&quot;PingFang SC&quot;,&quot;Hiragino Sans GB&quot;,&quot;Microsoft YaHei&quot;,&quot;WenQuanYi Micro Hei&quot;,&quot;Helvetica Neue&quot;,Arial,sans-serif; height:auto !important; margin:10px auto; max-width:100%; outline:none 0px !important; padding:0px; white-space:normal; word-wrap:break-word !important\" /></p>\r\n\r\n<p><strong>站口加密发车班次 调整发车时间</strong></p>\r\n\r\n<p>为了方便大家出行，市公交集团在春运期间也延长了运营时间，加密了发车班次，尤其是在各汽车客车客运站、火车站和机场的站口。</p>\r\n\r\n<p><img alt=\"为迎春运地铁延时公交通宵，这些时间点你要记着！\" src=\"http://p3.pstatp.com/large/613e0003f3a3f1702d12\" style=\"-webkit-max-logical-width:100%; -webkit-tap-highlight-color:transparent; border-style:none; box-sizing:border-box !important; color:#222222; display:block; font-family:&quot;PingFang SC&quot;,&quot;Hiragino Sans GB&quot;,&quot;Microsoft YaHei&quot;,&quot;WenQuanYi Micro Hei&quot;,&quot;Helvetica Neue&quot;,Arial,sans-serif; height:auto !important; margin:10px auto; max-width:100%; outline:none 0px !important; padding:0px; white-space:normal; word-wrap:break-word !important\" /></p>\r\n\r\n<p><strong>一、机场接驳上的公交安排</strong></p>\r\n\r\n<p>①机场1号线市内售票处由6:00提前至4:30发班，收班时间由22:00延时至23:00;</p>\r\n\r\n<p>②双流机场收班时间由与最晚航班同步调整为全天24小时发班;</p>\r\n\r\n<p>③机场3号线由20:00延时至21:00。</p>\r\n\r\n<p><strong>二、列车接驳上的公交安排</strong></p>\r\n\r\n<p>(一)成都站</p>\r\n\r\n<p>①.加大了通宵公交线路298路运力投放，发车班次由12班增加至15班。</p>\r\n\r\n<p>②.并且发车时刻也根据不同列车到站时间点做出来调整，即使你是凌晨到站的，出站也能坐上公交。</p>\r\n\r\n<p>(二)成都东站</p>\r\n\r\n<p>①.根据客流量的增加，在高峰时期也会增加车次。</p>\r\n\r\n<p>②.如果遇到列车凌晨晚点，门口还有两辆大容量公交车，直接把你送到火车北站去。</p>\r\n\r\n<p><strong>客运站至火车站开免费摆渡车</strong></p>\r\n\r\n<p>成都各主要客运站还组织了直到火车站的的免费摆渡车，旅客可以免费乘坐。虽然有公交保驾护航，不过还是要温馨提示一句有出行计划的盆友，春运期间路况复杂，为了不耽误后期行程最好还是提前出门。</p>\r\n\r\n<p><img alt=\"为迎春运地铁延时公交通宵，这些时间点你要记着！\" src=\"http://p3.pstatp.com/large/613e0003f3a453eedd51\" style=\"-webkit-max-logical-width:100%; -webkit-tap-highlight-color:transparent; border-style:none; box-sizing:border-box !important; color:#222222; display:block; font-family:&quot;PingFang SC&quot;,&quot;Hiragino Sans GB&quot;,&quot;Microsoft YaHei&quot;,&quot;WenQuanYi Micro Hei&quot;,&quot;Helvetica Neue&quot;,Arial,sans-serif; height:auto !important; margin:10px auto; max-width:100%; outline:none 0px !important; padding:0px; white-space:normal; word-wrap:break-word !important\" /></p>\r\n\r\n<p><strong>川航新开8条国内往返航线</strong></p>\r\n\r\n<p>春运期间，川航也新开了8条国内往返航线。</p>\r\n\r\n<p>分别是：①昆明=西宁=敦煌、②西安=汕头、③汕头=南昌、④杭州=汕头、⑤乌鲁木齐=西宁=拉萨、⑥成都=乌鲁木齐=阿勒泰、⑦乌鲁木齐=西宁=北海、⑧昆明=郑州</p>\r\n\r\n<p><img alt=\"为迎春运地铁延时公交通宵，这些时间点你要记着！\" src=\"http://p9.pstatp.com/large/614000016317b00f4049\" style=\"-webkit-max-logical-width:100%; -webkit-tap-highlight-color:transparent; border-style:none; box-sizing:border-box !important; color:#222222; cursor:pointer; display:block; font-family:&quot;PingFang SC&quot;,&quot;Hiragino Sans GB&quot;,&quot;Microsoft YaHei&quot;,&quot;WenQuanYi Micro Hei&quot;,&quot;Helvetica Neue&quot;,Arial,sans-serif; height:auto !important; margin:10px auto; max-width:100%; outline:none 0px !important; padding:0px; white-space:normal; word-wrap:break-word !important; z-index:-1\" /></p>\r\n\r\n<p>有需要的可以仔细研究一下，争取找到最方便的出行方式。</p>\r\n\r\n<p>最后，希望大家路上注意安全，平安回家。</p>\r\n\r\n<p>来源：成都商报</p>\r\n\r\n<p>&nbsp;</p>','公交、地铁、航班的春运资讯，分享给和我一样需要回家的你~','media/images/life/5a5c7bd418c48.jpg',33,'1','2018-11-20 12:17:48'),(2,6,'长租公寓租金贷308天陨落小史','<p><strong>租金贷本是为了帮助租客实现更为稳定的租房生活而使用的一种金融杠杆，在使用过程中却由于使用不当遭遇了种种问题，甚至出现了银行机构个人租房贷款下架的局面。从2017年11月6日建行推出全国首款个人住房租赁贷款产品&ldquo;按居贷&rdquo;至今年9月9日媒体报道几大银行都默默下架了产品也仅过去了308天。</strong></p>\r\n\r\n<p>&nbsp;</p>\r\n\r\n<p>&nbsp;</p>\r\n\r\n<p><strong>租金贷乱象</strong></p>\r\n\r\n<p>银行尚未进入市场前</p>\r\n\r\n<p>&nbsp;</p>\r\n\r\n<p>其实，早在五大行进入租金贷市场之前，早有不少民间金融机构在分食这块蛋糕。2015年开始，自如、房司令、会分期、租了么等平台均提供了类似服务。打破了传统的&ldquo;押一付三&rdquo;的房租高压，为年轻人提供了&ldquo;押一付一&rdquo;的租金支付方式。利弊同行，对此也有业内人士指出，<span style=\"background-color:#e2e2c4\">很多租房消费分期贷都有猫腻，背后的手续费、服务费、逾期费加起来甚至高于利息本身。</span></p>\r\n\r\n<p>&nbsp;</p>\r\n\r\n<p>早在2017年4月《1818黄金眼》就曾报道过一则中介强行要求租客使用租金贷的新闻。一位暑期要在杭州九堡实习的大四学生，通过中介在网上租了房子， 3月18号双方签订了租房合同，房租每个月1650块钱，还有管理费，除去定金500块，小陈用手机转账了3371块钱，支付押一付一的房租。但是第二天，一个电话通知她以后要通过一个叫&ldquo;会分期&rdquo;的平台交房租，她不乐意。拒绝办理后，中介业务员就联系了她，说是租用该公司的房子都是用&ldquo;会分期&rdquo;平台支付房租。<span style=\"background-color:#e2e2c4\">然而这一点，中介并没有在租房时告诉小陈，而小陈差点就此背上了几万元的债务。</span></p>\r\n\r\n<p>&nbsp;</p>\r\n\r\n<p>找中介租房，却无故背上了几万元钱的贷款，这样的事情不止在杭州发生。</p>\r\n\r\n<p>&nbsp;</p>\r\n\r\n<p>2017年10月， 北京大熊公寓就因未告知租客为其办理了租金贷，导致其不能正常贷款消费。最终工商部门已经完成对涉事方&ldquo;梦想大熊(北京)资产管理有限公司&rdquo;的调查取证工作，<span style=\"background-color:#e2e2c4\">正式对当事人作出罚款3万元的处罚决定。</span></p>\r\n\r\n<p>&nbsp;</p>\r\n\r\n<p>然而租金贷的火热并没有因为而消退。</p>\r\n\r\n<p>&nbsp;</p>\r\n\r\n<p>支付宝、京东先后涉足租房市场。&ldquo;信用免押金&rdquo;的租房模式成为支付宝主推方向。据媒体报道自2017年9月底以来，有超过100万间公寓正式入驻支付宝，上海、北京、深圳等8个城市率先推广信用租房，不再收取押金。然而调查走访发现，<span style=\"background-color:#e2e2c4\">&ldquo;信用免押金&rdquo;模式暗藏猫腻，和支付宝合作的不少中介机构均涉及消费分期贷款业务。</span>想要享受&ldquo;免押金&rdquo;，消费者必须选择房租消费分期贷，如此一来所谓给消费者福利成为变相推广消费分期贷。2017年10月30日下午，蚂蚁金服市场相关负责人对记者表示，经他们和业务部门沟通后，该情况属实。</p>\r\n\r\n<p>&nbsp;</p>\r\n\r\n<p>即使是如此大的平台也难逃变相租房贷的入侵。</p>\r\n\r\n<p>&nbsp;</p>\r\n\r\n<p>&nbsp;</p>\r\n\r\n<p><strong>发布租房贷产品</strong></p>\r\n\r\n<p>银行正式进军住房租赁市场</p>\r\n\r\n<p>&nbsp;</p>\r\n\r\n<p><span style=\"background-color:#e2e2c4\">&ldquo;既然市场有实际需求，与其让不正规的机构去做，还不如让银行来做。&rdquo;</span>中央财经大学银行业研究中心主任郭田勇认为，不是谁都能买房，这是中国的客观情况。如果银行不做租房贷款，就会有其他现金贷机构填补这一空白。&ldquo;我们现在花这么大力气整治现金贷，根本原因还是银行对小额贷款需求服务不到位。现在首先要解决的是老百姓居有其所的民生问题，即使背后有一些弊端，相信也会在发展中逐渐得到解决。&rdquo;</p>\r\n\r\n<p>&nbsp;</p>\r\n\r\n<p>果然，在租房市场变得火热之后，银行也看准了这一块市场，并积极推出各类产品。</p>\r\n\r\n<p>&nbsp;</p>\r\n\r\n<p>2017年11月6日，建设银行深圳分行与11家房地产公司以及11家企事业单位举行住房租赁战略合作签约仪式，推出5000余套包括&ldquo;CCB建融家园&rdquo;在内的长租房源。同时，<span style=\"background-color:#e2e2c4\">建行创新开发了20项住宅租赁业务金融产品，并发布业内首款个人住房租赁贷款产品，</span>个人贷款基准年利率，额度最高100万，最长期限10年。</p>\r\n\r\n<p>&nbsp;</p>\r\n\r\n<p>2017年12月2日，建行便在深圳发放中国首个租房贷款业务，深圳市民李拓成为建设银行首位三年期长租贷款客户。按照预定，李拓和建行签约，贷款26万，租了一套离单位很近的四居室，每个月只需还款7000多元，而同地段同类型的个人出租房的价格在8000-10000元。</p>\r\n\r\n<p>&nbsp;</p>\r\n\r\n<p>对此，易居研究院智库中心研究总监严跃进指出，此次建行通过和地产商合作，积极推出租房贷款服务，从第一笔租房贷款的发放来说，具有两个重要的意义。&ldquo;首先是包括建行等商业银行逐渐会把租房贷款的服务纳入到业务中来，和过去的按揭贷款一起形成重要的业务模式。其次，这也体现了在消费领域或需求领域方面，金融创新真正介入，未来有复制的可能。&rdquo;</p>\r\n\r\n<p>&nbsp;</p>\r\n\r\n<p>严跃进还分析了首个租房贷款的特点。&ldquo;主要是交通改善型导向的租赁需求在释放，属于当前大都市里亟需解决的住房改善型需求。&rdquo;严跃进说，此类住户本身有住房，但户型较小，而且家到单位比较远，通过租赁住房，能够实现了房源居住功能的较好置换。</p>\r\n\r\n<p>&nbsp;</p>\r\n\r\n<p><span style=\"background-color:#e2e2c4\">随后，工商银行广东省分行也在广东推出了&ldquo;租e贷&rdquo;产品，</span>并陆续在北、上、广、深、杭5个城市开办了个人房屋租赁贷款业务，最高额度50万元，期限最长5年。</p>\r\n\r\n<p>&nbsp;</p>\r\n\r\n<p>不同的是，其他几大银行在个人租金贷方面并没有太大动作。例如中行只是在厦门试水执行住房租赁贷款。而中国农业银行则推出了适用范围更广的&ldquo;法人租赁住房贷款&rdquo;，拓宽了贷款对象范围，贷款对象涵盖了租赁住房的开发建设主体、购置并购主体、专业运营主体和其他出租主体。</p>\r\n\r\n<p>&nbsp;</p>\r\n\r\n<p>不过，对于租房贷款产品，多位受访者表示，这种超前消费可能加大租房者的生活压力。<span style=\"background-color:#e2e2c4\">同时，当前社会金融产品众多，租房不一定要专门的贷款产品，可以用信用卡等调剂资金，还能享受免息期。</span>此外，有专家指出，租房贷款需要防范资金套现问题。</p>\r\n\r\n<p>&nbsp;</p>\r\n\r\n<p>此外，亚豪机构市场总监郭毅表示，对于中行、建行、工行推出针对租赁住户的租金按揭贷款，&ldquo;这类产品存在三个问题，第一，贷款额度低，使得企业的资金回笼速度较慢，因而无法达到企业的回报诉求点；第二，市场接受度的考验，如果租户能通过短租的方式满足住房需求，那其是否还会以需要付出一定融资成本的信贷方式来获得使用长租房的权利，这形成了市场悖论；第三，在此悖论下，若贷款对象局限于个人租户，那开发商能否按照预期使更多租户使用此类产品租住房屋来收回资金。这些都是市场难题。&ldquo;</p>\r\n\r\n<p>&nbsp;</p>\r\n\r\n<p>&nbsp;</p>\r\n\r\n<p><strong>来也轰轰 去也匆匆</strong></p>\r\n\r\n<p>下架的租金贷会如何处理</p>\r\n\r\n<p>&nbsp;</p>\r\n\r\n<p>近日，有消息称，平安银行针对租房提供的信贷产品&ldquo;房租贷&rdquo;从它的APP中悄然下架，同时也停止了其与包括蛋壳等租房中介机构的合作。9月9日，在平安银行APP上搜索房租贷，发现已经没有了相关产品，但如果向客服提问，还是可以得到有关介绍材料的回复。</p>\r\n\r\n<p>&nbsp;</p>\r\n\r\n<p>而作为最早推出租金贷产品的国有银行&mdash;建行的住房租赁服务平台系统&ldquo;CCB建融家园&rdquo;上的&ldquo;按居贷&rdquo;在9月9日点开额度查询时，没有看到具体产品信息介绍，代之以实名认证的页面。对此，建行北京地区某网点工作人员表示，按居贷产品只在南方试点过，但在北京和全国很多地方的具体实施细则没有出来，一直没有真正上线办理。</p>\r\n\r\n<p>&nbsp;</p>\r\n\r\n<p>而就平安银行的合作伙伴蛋壳公寓有关人士对此表示，平安银行在全国给蛋壳的（信贷）额度用完了。<span style=\"background-color:#e2e2c4\">因为用平安银行贷款租房的人还挺多，目前蛋壳这边在积极沟通，具体恢复日期还不能确定。</span></p>\r\n\r\n<p>&nbsp;</p>\r\n\r\n<p>事实上，最近长租公寓领域爆发的风险事件及金融乱象在某种程度上扰乱了推出租金贷产品银行机构的立场。虽然出现风险的并不是银行贷款，但是监管部门也提高了警惕。日前，北京市住建委表示，已经会同市银监局、市金融局等启动调查&ldquo;租房贷&rdquo;，将严查中介机构的资金来源和流向，一旦查实违规行为，将从严处罚。</p>\r\n\r\n<p>&nbsp;</p>\r\n\r\n<p>对此，中国综合开发研究院旅游与地产研究中心主任宋丁表示，长租公寓的房租分期贷是新事物，也是一个监管空白，&ldquo;政策缺失之下，消费者又不懂、不知情，很难抵御这些问题，容易被套路。因此还是要政策和监管明朗化，这样才有可能有效引导消费者规避风险。</p>\r\n\r\n<p>&nbsp;</p>\r\n\r\n<p>就这样，租金贷这个从推出时便饱受争议的产品，从风口落了下来，被打进了&ldquo;冷宫&rdquo;。</p>\r\n\r\n<p>&nbsp;</p>\r\n\r\n<p>而这些目前已将租金贷产品下架的银行机构以及受到影响的公寓品牌需要积极沟通，无论租金贷的受众群体有多大，都得将这一事件顺利解决，避免有租客的利益因此受到损害。除此之外，还应加强制度建设，尽快补齐住房租赁信贷管理短板。应根据《个人贷款管理暂行办法》等规定，制定统一的管理细则，明确从业机构管理要求，规范住房租赁信贷行为，加强住房租赁信贷审慎经营，促进住房租赁市场健康发展，维护消费者合法权益。</p>\r\n\r\n<p>&nbsp;</p>\r\n\r\n<p>*&nbsp;<strong>文章为作者独立观点，不代表迈点空间租赁立场</strong></p>\r\n\r\n<p>&nbsp;</p>\r\n\r\n<p>来源：公众号- 迈点空间租赁</p>\r\n\r\n<p>本文及图片来源于网络，版权归原作者所有，如有侵权请立即与我们联系，我们将及时处理。</p>\r\n\r\n<p>&nbsp;</p>\r\n\r\n<p>&nbsp;</p>\r\n\r\n<p>&nbsp;</p>','往事不要再提','media/images/life/5a5c7bd418c48.jpg',23,'1','2018-11-20 12:17:48'),(3,5,'你知道吗？这些之前需要花钱办的事，现在统统都免费啦！','<p>你知道吗？</p>\r\n\r\n<p>国家相继出台各项惠民政策，</p>\r\n\r\n<p>有些从前需要花钱办的事，</p>\r\n\r\n<p><strong>全都免费啦！！！</strong></p>\r\n\r\n<p><img alt=\"你知道吗？这些之前需要花钱办的事，现在统统都免费啦！\" src=\"http://p1.pstatp.com/large/pgc-image/152446268136173e06244ae\" style=\"-webkit-max-logical-width:100%; -webkit-tap-highlight-color:transparent; border-style:none; box-sizing:border-box !important; display:block; height:auto !important; margin:10px auto; max-width:100%; outline:none 0px !important; padding:0px; word-wrap:break-word !important\" /></p>\r\n\r\n<p>走过路过千万不要错过！</p>\r\n\r\n<p>能为你<strong>省下不少钱</strong>呢！</p>\r\n\r\n<p><img alt=\"你知道吗？这些之前需要花钱办的事，现在统统都免费啦！\" src=\"http://p1.pstatp.com/large/pgc-image/15244626812866b6f8f8634\" style=\"-webkit-max-logical-width:100%; -webkit-tap-highlight-color:transparent; border-style:none; box-sizing:border-box !important; display:block; height:auto !important; margin:10px auto; max-width:100%; outline:none 0px !important; padding:0px; word-wrap:break-word !important\" /></p>\r\n\r\n<p>关于这些<strong>免费项目</strong>你知道多少？</p>\r\n\r\n<p>如果你还不知道，</p>\r\n\r\n<p>那就亏大了。</p>\r\n\r\n<p><img alt=\"你知道吗？这些之前需要花钱办的事，现在统统都免费啦！\" src=\"http://p3.pstatp.com/large/pgc-image/1524462681377876c9efeb0\" style=\"-webkit-max-logical-width:100%; -webkit-tap-highlight-color:transparent; border-style:none; box-sizing:border-box !important; display:block; height:auto !important; margin:10px auto; max-width:100%; outline:none 0px !important; padding:0px; word-wrap:break-word !important\" /></p>\r\n\r\n<p><strong>出行篇</strong></p>\r\n\r\n<p><strong>火车票提前15天退票不收手续费</strong></p>\r\n\r\n<p><img alt=\"你知道吗？这些之前需要花钱办的事，现在统统都免费啦！\" src=\"http://p3.pstatp.com/large/pgc-image/1524462681239788cd15306\" style=\"-webkit-max-logical-width:100%; -webkit-tap-highlight-color:transparent; border-style:none; box-sizing:border-box !important; display:block; height:auto !important; margin:10px auto; max-width:100%; outline:none 0px !important; padding:0px; word-wrap:break-word !important\" /></p>\r\n\r\n<p>根据铁路退票规则，<strong>开车前15天（不含）以上退票的不收取退票费</strong>。需要退、换火车票的朋友们，一定要算好时间！</p>\r\n\r\n<p><strong>出站前丢火车票可补办</strong></p>\r\n\r\n<p><img alt=\"你知道吗？这些之前需要花钱办的事，现在统统都免费啦！\" src=\"http://p3.pstatp.com/large/pgc-image/15244626813198ede8c5727\" style=\"-webkit-max-logical-width:100%; -webkit-tap-highlight-color:transparent; border-style:none; box-sizing:border-box !important; display:block; height:auto !important; margin:10px auto; max-width:100%; outline:none 0px !important; padding:0px; word-wrap:break-word !important\" /></p>\r\n\r\n<p>根据以前的规定，在列车上、出站检票前遗失车票，旅客只能重新购票。但现在旅客若在列车上、出站检票前丢失实名制火车票，<strong>可找列车长或到车站出站口办理挂失补办手续。</strong></p>\r\n\r\n<p><strong>长途汽车票遗失可免费补办</strong></p>\r\n\r\n<p><img alt=\"你知道吗？这些之前需要花钱办的事，现在统统都免费啦！\" src=\"http://p1.pstatp.com/large/pgc-image/1524462681221c2a6129361\" style=\"-webkit-max-logical-width:100%; -webkit-tap-highlight-color:transparent; border-style:none; box-sizing:border-box !important; display:block; height:auto !important; margin:10px auto; max-width:100%; outline:none 0px !important; padding:0px; word-wrap:break-word !important\" /></p>\r\n\r\n<p>根据修改后的《道路旅客运输及客运站管理规定》，长途客运将<strong>实施实名制</strong>，且<strong>遗失车票可以免费补办</strong>。</p>\r\n\r\n<p><strong>全面取消航空燃油附加费</strong></p>\r\n\r\n<p><img alt=\"你知道吗？这些之前需要花钱办的事，现在统统都免费啦！\" src=\"http://p9.pstatp.com/large/pgc-image/152446268155218b4540662\" style=\"-webkit-max-logical-width:100%; -webkit-tap-highlight-color:transparent; border-style:none; box-sizing:border-box !important; display:block; height:auto !important; margin:10px auto; max-width:100%; outline:none 0px !important; padding:0px; word-wrap:break-word !important\" /></p>\r\n\r\n<p>国内各家航空公司将<strong>停止征收燃油附加费</strong>，旅客<strong>只需支付机票费用与50元民航发展基金</strong>即可。记得买机票的时候一定要看清楚哦！</p>\r\n\r\n<p><strong>住房篇</strong></p>\r\n\r\n<p><strong>公积金贷款手续办理免费</strong></p>\r\n\r\n<p><img alt=\"你知道吗？这些之前需要花钱办的事，现在统统都免费啦！\" src=\"http://p1.pstatp.com/large/pgc-image/15244626815509f6c302972\" style=\"-webkit-max-logical-width:100%; -webkit-tap-highlight-color:transparent; border-style:none; box-sizing:border-box !important; display:block; height:auto !important; margin:10px auto; max-width:100%; outline:none 0px !important; padding:0px; word-wrap:break-word !important\" /></p>\r\n\r\n<p>根据住建部、财政部、人民银行联合下发的《关于发展住房公积金个人住房贷款业务的通知》，<strong>取消住房公积金、个人住房贷款保险等收费项目</strong>。据估算，如果你公积金贷款50万元，则至少能省下8750元，如果你公积金贷款80万元，期限20年，则至少能省下14000元，去办公积金贷款时一定要问清楚哦！</p>\r\n\r\n<p><strong>租房押金可免费</strong></p>\r\n\r\n<p><img alt=\"你知道吗？这些之前需要花钱办的事，现在统统都免费啦！\" src=\"http://p3.pstatp.com/large/pgc-image/1524462681615e1fdccdcba\" style=\"-webkit-max-logical-width:100%; -webkit-tap-highlight-color:transparent; border-style:none; box-sizing:border-box !important; display:block; height:auto !important; margin:10px auto; max-width:100%; outline:none 0px !important; padding:0px; word-wrap:break-word !important\" /></p>\r\n\r\n<p>日前，支付宝宣布，在北京、上海、深圳、杭州、南京、成都、西安、郑州这8个城市率先<strong>推广信用租房，不再收取押金</strong>。</p>\r\n\r\n<p>所谓信用租房，是在支付宝的租房程序中，专门设置了&ldquo;免押金&rdquo;页面。目前，能够享受&ldquo;免押金&rdquo;服务的，是<strong>芝麻信用分在650分以上的支付宝用户</strong>。</p>\r\n\r\n<p><strong>房屋转让手续费取消</strong></p>','你知道吗？国家相继出台各项惠民政策，有些从前需要花钱办的事，全都免费啦！！！','media/images/life/5a5c7bd418c48.jpg',43,'1','2018-11-20 12:17:48'),(4,6,'4万亿大风口，2.7亿人刚需！住房租赁金融，会上演疯狂吗？','<p style=\"margin-left:0px; margin-right:0px\"><strong>据媒体早前向业内人士发放的问卷调查显示，作为房产新物种，长租公寓以21.68%的比例跃居信心榜单第一位。</strong></p>\r\n\r\n<p style=\"margin-left:0px; margin-right:0px\">&nbsp;</p>\r\n\r\n<p style=\"margin-left:0px; margin-right:0px\"><strong>形成这种信心的一个依靠，则是同样作为金融新物种的住房租赁金融的蓬勃兴起。</strong></p>\r\n\r\n<p>&nbsp;</p>\r\n\r\n<p style=\"margin-left:0px; margin-right:0px\">&nbsp;</p>\r\n\r\n<p style=\"margin-left:0px; margin-right:0px\">近期，工商银行北京分行即宣布，将为住房租赁市场企业端与个人端推出专属金融产品。其中，为租赁住房建设主体推出的&ldquo;租赁住房开发贷款&rdquo;，融资金额可达项目总投资80%、期限可达25年；为个人承租者推出的&ldquo;个人租赁住房贷款&rdquo;，融资金额可达100万元、期限可达10年；而中国建设银行则早在去年底，就开始与地方政府合作，推出&ldquo;CCB建融家园&rdquo;长租社区，并发布个人住房租赁贷款产品&ldquo;按居贷&rdquo;。此外，还有中信银行、中国银行等多家银行宣布了类似的房屋租赁金融产品计划。</p>\r\n\r\n<p style=\"margin-left:0px; margin-right:0px\">&nbsp;</p>\r\n\r\n<p style=\"margin-left:0px; margin-right:0px\">然后，住房租赁金融这个看上去很美的新物种，却依然有许多难以克服的风险，尤其是在消费者痛点上，几乎只挠到了一个&hellip;&hellip;</p>\r\n\r\n<p style=\"margin-left:0px; margin-right:0px\">&nbsp;</p>\r\n\r\n<p style=\"margin-left:0px; margin-right:0px\">&nbsp;</p>\r\n\r\n<p style=\"margin-left:0px; margin-right:0px\"><strong>1</strong><strong>&nbsp;</strong><strong>过&ldquo;专&rdquo;的痛点：长期、租金、不涨</strong></p>\r\n\r\n<p style=\"margin-left:0px; margin-right:0px\">The pain point of being professional</p>\r\n\r\n<p style=\"margin-left:0px; margin-right:0px\">要成为一个风口，需要有强大的可扩散性，尤其是能够突破北上广一线城市链。</p>\r\n\r\n<p style=\"margin-left:0px; margin-right:0px\">&nbsp;</p>\r\n\r\n<p style=\"margin-left:0px; margin-right:0px\">2018年1月16日，链家旗下的长租公寓品牌&mdash;&mdash;自如获得40亿人民币A轮融资。这是中国长租公寓行业规模最大的一笔融资。其发展速度不可谓不快。</p>\r\n\r\n<p style=\"margin-left:0px; margin-right:0px\">&nbsp;</p>\r\n\r\n<p style=\"margin-left:0px; margin-right:0px\">其在长租领域的最大亮点就是可以贷款。</p>\r\n\r\n<p style=\"margin-left:0px; margin-right:0px\">&nbsp;</p>\r\n\r\n<p style=\"margin-left:0px; margin-right:0px\">其为租客提供两种租金分期服务：一种是与京东金融合作的&ldquo;自如白条&rdquo;，租客首次付款只需交押金+首期房租+服务费，之后每月支付当期房租+服务费+分期手续费；另一种是与中国对外经济贸易信托有限公司合作的自如分期，由租客向其申请租赁贷款，外贸信托公司一次性把租金支付给公寓，租客再按月偿还金融公司贷款。</p>\r\n\r\n<p style=\"margin-left:0px; margin-right:0px\">&nbsp;</p>\r\n\r\n<p style=\"margin-left:0px; margin-right:0px\">简言之，即租客可以按照购房的方式进行分期付款。而最大的利好则是，在长期租房的状态下，可以通过契约的方式保持房租价格的稳定。</p>\r\n\r\n<p style=\"margin-left:0px; margin-right:0px\">&nbsp;</p>\r\n\r\n<p style=\"margin-left:0px; margin-right:0px\">毕竟，在中国的房屋租赁市场上，租金一年一涨几乎成为了业界的潜规则。而与之相伴的则是按季租房状态下，以及国人在契约精神上的缺失，大多数长租状态只能稳定在&ldquo;1年&rdquo;的范围内，无法真正形成长租状态。</p>\r\n\r\n<p style=\"margin-left:0px; margin-right:0px\">&nbsp;</p>\r\n\r\n<p style=\"margin-left:0px; margin-right:0px\">自如联合《好奇心日报》发起《城市青年好生活安家调研》显示，相比于80一代&ldquo;无论如何一定要买房&rdquo;的观念，43%的&ldquo;租一代&rdquo;表示可以接受一辈子租房。</p>\r\n\r\n<p style=\"margin-left:0px; margin-right:0px\">&nbsp;</p>\r\n\r\n<p style=\"margin-left:0px; margin-right:0px\">这种渴求稳定性的心里刚需，构成了长租公寓的崛起，也一定程度上让部分消费者意图通过租赁金融的方式，来形成契约。</p>\r\n\r\n<p style=\"margin-left:0px; margin-right:0px\">&nbsp;</p>\r\n\r\n<p style=\"margin-left:0px; margin-right:0px\">无论是银行作为&ldquo;二房东&rdquo;、还是长租公寓，都会更加尊重契约的约束。至于通过租赁金融，达成一定的房屋租金减少和个人资金压力降低，反倒退居其次。</p>\r\n\r\n<p style=\"margin-left:0px; margin-right:0px\">&nbsp;</p>\r\n\r\n<p style=\"margin-left:0px; margin-right:0px\"><span style=\"background-color:#e2e2c4\">这一状态，其实让住房租赁金融从诞生初期，整体吸引力都变成了一个倒置状态&mdash;&mdash;重租赁而轻金融。</span></p>\r\n\r\n<p style=\"margin-left:0px; margin-right:0px\">&nbsp;</p>\r\n\r\n<p style=\"margin-left:0px; margin-right:0px\">&nbsp;</p>','过亿的风口，需要短时降温吗？','media/images/life/5a5c7bd418c48.jpg',36,'1','2018-11-20 12:17:48'),(6,5,'2018年最新驾考流程和报考条件出炉，要考驾照的看过来！','<p>&nbsp;</p>\r\n\r\n<p>相信很多人第一次准备考驾照都是一片迷茫。为此，需要了解最新最全的驾考流程和报名条件。</p>\r\n\r\n<p>&nbsp;</p>\r\n\r\n<p><strong>2018年最新最全驾考流程如下：</strong></p>\r\n\r\n<p>001学车流程</p>\r\n\r\n<p>选驾校-&gt;报名-&gt;科目一-&gt;科目二-&gt;科目三-&gt;科目四-&gt;拿本-&gt;新手上路</p>\r\n\r\n<p>002选驾校</p>\r\n\r\n<p>打定主意要学车了，首先就要开始找驾校，驾校那么多，该考虑哪些因素？</p>\r\n\r\n<p><strong>注意事项：</strong>选择正规的驾校收费；项目具体有哪些；培训教练如何安排；练车时间和考试时间安排；是否有接送或班车服务；退学或转学的手续和退费等。</p>\r\n\r\n<p>003报名条件</p>\r\n\r\n<p>18-70岁，身高在150cm以上（大型货车155cm以上）；无红绿色盲；两眼裸视力或矫正视力达到对数视力表4.9以上；听力佩戴助听器两耳分别距音叉50cm能够辩音源；双手拇指健全，其他手有三指健全。</p>\r\n\r\n<p>004报名材料</p>\r\n\r\n<p>提供身份证复印件、居住证复印件、本人照片、体检表、居住证，不同地区有所不同。</p>\r\n\r\n<p>005学车费用</p>\r\n\r\n<p>学车费用包括：档案费、体检费、拍照费、驾校培训费、考试费、驾驶证工本费、补考费用。</p>\r\n\r\n<p>需要重点关注的是，很多城市已正式开启&ldquo;计时收费&rdquo;，学时未满不可预约考试，具体收费标准可参考以下内容：</p>\r\n\r\n<p><img alt=\"2018年最新驾考流程和报考条件出炉，要考驾照的看过来！\" src=\"http://p3.pstatp.com/large/56830004acc1e0ba1ec2\" style=\"-webkit-max-logical-width:100%; -webkit-tap-highlight-color:transparent; border-style:none; box-sizing:border-box !important; display:block; height:auto !important; margin:10px auto; max-width:100%; outline:none 0px !important; padding:0px; word-wrap:break-word !important\" /></p>\r\n\r\n<p><strong>计时收费标准各地稍有差异，上下浮动在20&mdash;50元左右。</strong></p>\r\n\r\n<p>一旦补考，费用将大幅提升！科目二/科目三：挂科后要培训10个学时才能参加补考，也就是说科目二/科目三的一次补考费用约为1300元。</p>\r\n\r\n<p>006什么时候报名最划算</p>\r\n\r\n<p>驾考宝典会不定期举办学车节活动，学车节期间，各个驾校、教练会给到学员最优惠的学车价格，让学员尽享实惠。</p>\r\n\r\n<p><strong>2018年最新最全驾考内容如下：</strong></p>\r\n\r\n<p><strong>科目一</strong></p>\r\n\r\n<p><strong>考试说明：</strong></p>\r\n\r\n<p>考试试卷由100道题目组成，题型为判断题、单项选择题，考试总时间为45分钟，满分100分，90分以上合格，不合格者当场可重考1次，重考仍未通过者，间隔20天以后重排考试。</p>\r\n\r\n<p><strong>考核内容：</strong></p>\r\n\r\n<p>新规实施后，科目一涉及安全文明驾驶常识内容全部调整至科目四考试项目中。</p>\r\n\r\n<p><img alt=\"2018年最新驾考流程和报考条件出炉，要考驾照的看过来！\" src=\"http://p1.pstatp.com/large/568400045536a0636db7\" style=\"-webkit-max-logical-width:100%; -webkit-tap-highlight-color:transparent; border-style:none; box-sizing:border-box !important; display:block; height:auto !important; margin:10px auto; max-width:100%; outline:none 0px !important; padding:0px; word-wrap:break-word !important\" /></p>\r\n\r\n<p><strong>科目二</strong></p>\r\n\r\n<p><strong>考试说明：</strong></p>\r\n\r\n<p>考试满分100分，80分以上合格，不合格者当场可补考一次，补考未通过间隔10天以后重新预约考试。</p>\r\n\r\n<p><strong>考核内容：</strong></p>\r\n\r\n<p>1、倒车入库</p>\r\n\r\n<p>2、坡道定点停车和起步</p>\r\n\r\n<p>3、侧方停车</p>\r\n\r\n<p>4、曲线行驶</p>\r\n\r\n<p>5、直角转弯</p>\r\n\r\n<p>注意：部分城市增加窄路掉头、停车取卡等项目。</p>\r\n\r\n<p><strong>限时内容：</strong>倒车入库限时210S、侧方停车限时90S，如未在规定时间内完成，直接评判不合格。</p>\r\n\r\n<p><strong>中途停车由不合格改为每次扣5分：</strong>倒车入库、侧方停车、直角转弯。</p>\r\n\r\n<p><strong>科目三</strong></p>\r\n\r\n<p><strong>考试说明：</strong></p>\r\n\r\n<p>考试满分为100分，成绩达到90分为合格。</p>\r\n\r\n<p>科二科三考试的话，如果第一次不合格，都有一次当场重考的机会。不算在预约次数内，而正常的预约次数不得超过5次，如果5次预约仍不合格的，以考试合格的其他科目成绩作废。</p>\r\n\r\n<p><strong>考核内容：</strong></p>\r\n\r\n<p>科目三包含上车准备、起步、直线行驶、加减档位操作、变更车道、靠边停车、直行通过路口、路口左转弯、路口右转弯、通过人行横道线、通过学校区域、通过公共汽车站、会车、超车、掉头、灯光模拟等16项驾驶技能。</p>\r\n\r\n<p><strong>科目四</strong></p>\r\n\r\n<p><strong>考试说明：</strong></p>','2018已经到了，想学车，但不知道考驾照流程是什么？学车费用多少钱？自己符不符合报名条件？','media/images/life/5a5c7bd418c48.jpg',44,'1','2018-11-20 12:17:48'),(7,5,'今天起，成都积分入户进入网上预约申报！附分值计算规则、预约攻略','<p>&nbsp;</p>\r\n\r\n<p><span style=\"color:#7f7f7f\">依据《成都市居住证积分入户管理办法(试行)》</span></p>\r\n\r\n<p style=\"margin-left:0.5em; margin-right:0.5em\"><span style=\"color:#7f7f7f\">成都市2018年度居住证积分申报受理</span></p>\r\n\r\n<p style=\"margin-left:0.5em; margin-right:0.5em\"><span style=\"color:#7f7f7f\">将于<span style=\"color:#ffc000\"><strong>6月1日正式启动</strong></span></span></p>\r\n\r\n<p style=\"margin-left:0.5em; margin-right:0.5em\"><span style=\"color:#ffc000\"><strong>5月25日起</strong></span><span style=\"color:#7f7f7f\">申请人可在<span style=\"color:#ffc000\"><strong>网上预约申报时间</strong></span></span></p>\r\n\r\n<p>&nbsp;</p>\r\n\r\n<p>&nbsp;</p>\r\n\r\n<p>01</p>\r\n\r\n<p>&nbsp;</p>\r\n\r\n<p style=\"margin-left:0.5em; margin-right:0.5em\"><span style=\"color:#ffc000\"><strong>核心信息</strong></span></p>\r\n\r\n<p>&nbsp;</p>\r\n\r\n<p>1</p>\r\n\r\n<p>&nbsp;</p>\r\n\r\n<p style=\"margin-left:0.5em; margin-right:0.5em\"><strong><span style=\"color:#7f7f7f\">集中受理时间</span></strong></p>\r\n\r\n<p style=\"margin-left:0.5em; margin-right:0.5em\"><strong><span style=\"color:#ffc000\">2018年6月1日至7月31日</span></strong></p>\r\n\r\n<p>&nbsp;</p>\r\n\r\n<p>2</p>\r\n\r\n<p>&nbsp;</p>\r\n\r\n<p style=\"margin-left:0.5em; margin-right:0.5em\"><strong><span style=\"color:#7f7f7f\">受理地点</span></strong></p>\r\n\r\n<p style=\"margin-left:0.5em; margin-right:0.5em\"><span style=\"color:#7f7f7f\">各区(市)县政府政务服务中心居住证积分受理窗口(具体地址及联系电话附后)</span></p>\r\n\r\n<p>&nbsp;</p>\r\n\r\n<p>3</p>\r\n\r\n<p>&nbsp;</p>\r\n\r\n<p style=\"margin-left:0.5em; margin-right:0.5em\"><span style=\"color:#ffc000\"><strong>网上预约</strong></span></p>\r\n\r\n<p style=\"margin-left:0.5em; margin-right:0.5em\"><span style=\"color:#7f7f7f\">申请人自5月25日起，可登录&ldquo;成都市居住证积分公众服务平台&rdquo;网站(rkb.chengdu.gov.cn)，提前预约居住证积分申办时间。</span></p>\r\n\r\n<p style=\"margin-left:0.5em; margin-right:0.5em\"><span style=\"color:#7f7f7f\">输入<span style=\"color:#ffc000\"><strong>积分入户</strong></span>：进入积分申报预约！</span></p>\r\n\r\n<p style=\"margin-left:0.5em; margin-right:0.5em\"><span style=\"color:#7f7f7f\"><img src=\"https://mmbiz.qpic.cn/mmbiz_png/z3CKWXIxicDOvLgJO97qbXkkPdcgm89SQFLIBXeWxqysywVhIdPHicn8M15gGPq82khicB6EQT1msh6qVggAHwZhA/640?wx_fmt=png\" style=\"box-sizing:border-box !important; height:auto !important; margin:0px; max-width:100%; padding:0px; word-break:normal !important; word-wrap:break-word !important\" title=\"\" /></span></p>\r\n\r\n<p style=\"margin-left:0.5em; margin-right:0.5em\"><img src=\"https://mmbiz.qpic.cn/mmbiz_jpg/z3CKWXIxicDOvLgJO97qbXkkPdcgm89SQcmMFYpWUvGOGIjaib9YukRcpicBlCEnibqGibJicF55rYdk3n6VUC4rnx9Q/640?wx_fmt=jpeg\" style=\"box-sizing:border-box !important; height:auto !important; margin:0px; max-width:100%; padding:0px; word-break:normal !important; word-wrap:break-word !important\" /></p>\r\n\r\n<p>&nbsp;</p>\r\n\r\n<p>4</p>\r\n\r\n<p>&nbsp;</p>\r\n\r\n<p style=\"margin-left:0.5em; margin-right:0.5em\"><strong><span style=\"color:#ffc000\">积分结果查询</span></strong></p>\r\n\r\n<p style=\"margin-left:0.5em; margin-right:0.5em\"><span style=\"color:#7f7f7f\">2018年9月15日，申请人通过成都市居住证积分公众服务平台网站(rkb.chengdu.gov.cn)，查询本人积分结果</span></p>\r\n\r\n<p style=\"margin-left:0.5em; margin-right:0.5em\"><span style=\"color:#7f7f7f\">输入<span style=\"color:#ffc000\"><strong>积分入户</strong></span>：进入成都市居住证积分公众服务平台</span></p>\r\n\r\n<p>&nbsp;</p>\r\n\r\n<p>5</p>\r\n\r\n<p>&nbsp;</p>\r\n\r\n<p style=\"margin-left:0.5em; margin-right:0.5em\"><span style=\"color:#ffc000\"><strong>积分入户名单公示</strong></span></p>\r\n\r\n<p style=\"margin-left:0.5em; margin-right:0.5em\"><span style=\"color:#7f7f7f\">2018年9月25日，申请人通过成都市居住证积分公众服务平台网站(rkb.chengdu.gov.cn)查询积分入户名单，公示期5天</span></p>\r\n\r\n<p style=\"margin-left:0.5em; margin-right:0.5em\"><span style=\"color:#7f7f7f\">输入<span style=\"color:#ffc000\"><strong>积分入户</strong></span>：进入成都市居住证积分公众服务平台查看积分入户名单</span></p>\r\n\r\n<p>&nbsp;</p>\r\n\r\n<p>6</p>\r\n\r\n<p>&nbsp;</p>\r\n\r\n<p style=\"margin-left:0.5em; margin-right:0.5em\"><strong><span style=\"color:#ffc000\">入户办理</span></strong></p>\r\n\r\n<p style=\"margin-left:0.5em; margin-right:0.5em\"><span style=\"color:#ff0000\"><strong>2018年10月1日至11月30日</strong></span><span style=\"color:#7f7f7f\">。进入2018年度成都市居住证积分入户名单的人员，须按户口迁移相关规定前往居住地区(市)县公安办证中心办理户口迁入手续，逾期未办理的视为自动放弃</span></p>','成都积分入户最新情报！','media/images/life/5a5c7bd418c48.jpg',12,'1','2018-11-20 12:17:48'),(8,6,'长租公寓行业“千团大战”已爆发，运营商该如何保命？','<p>这个据说会衍生千万亿生意的国民新支柱行业&mdash;&mdash;尤其当开发商引领的新房交易市场日渐势微、租赁产业崛起后&mdash;&mdash;长租公寓绝不是平稳磅礴的大江东流，充分竞争和市场波动阴影下，上演的只有战略的对垒、战术的肃杀和残酷流血故事。</p>\r\n\r\n<p>&nbsp;</p>\r\n\r\n<p>所以，无论你激进与否，江湖中从来都不存在独善其身的安稳剧情。</p>\r\n\r\n<p>&nbsp;</p>\r\n\r\n<p>4月2日，第三方研究机构58安居房产研究院发布《2018年一季度住房租赁市场报告》称，住房租赁正在成为市场的热点，<strong>截至2018年3月，全国范围内长租公寓品牌达1200多家，房源规模逾200万间。</strong>就地域而言，长租品牌公寓主要分布在北京、上海、深圳和广东广州一线城市及浙江杭州、四川成都、湖北武汉、天津、江苏南京和苏州等热点二线城市。</p>\r\n\r\n<p>&nbsp;</p>\r\n\r\n<p>红海厮杀，胜者为王。大大小小的无数企业，或扩张、或合并、或倒闭。在炙热滚烫的长租公寓市场，每天都在上演这样的生死之战，前赴后继，绵延不绝&hellip;&hellip;</p>\r\n\r\n<p>&nbsp;</p>\r\n\r\n<hr />\r\n<p>&nbsp;</p>\r\n\r\n<p><strong>市场空间<br />\r\n长租公寓，万亿市场待掘金</strong></p>\r\n\r\n<p>&nbsp;</p>\r\n\r\n<p><strong>存量时代来临，资本风口向服务与管理端转移</strong></p>\r\n\r\n<p>&nbsp;</p>\r\n\r\n<p>传统的房地产业务阶段上大致可以分为开发、交易、资产管理三个环节。按目前的市场空间估算，整体房地产服务市场空间在5.3万亿左右，这一个万亿市场中目前为止仍未成长出一个千亿市值的公司，A股市场中唯一的地产服务类公司世联行市值只有160亿左右，可见行业投资价值仍未得到充分挖掘，而身处其中的企业业务收入和市场集中度仍有很大的提升空间。资产管理市场整体仍是一座尚待发掘的金矿。</p>\r\n\r\n<p>&nbsp;</p>\r\n\r\n<p><strong>三大因素助推行业加速</strong></p>\r\n\r\n<p>&nbsp;</p>\r\n\r\n<p>国内的住宅价格经过本轮猛烈的上涨周期之后，首次置业的门槛已经大幅提高。房价的上涨已经确定性地将一部分人挡在了买房的门槛之外。本轮的周期中一个重要的特征是超过70%的交易属于连环交易，这说明资产买卖越来越只限于有房人群进行换房交易和投资，变成了有产者之间的游戏。没有买房的人将越来越无法&ldquo;上车&rdquo;，只能转向租赁市场寻求长期的居住场所。</p>\r\n\r\n<p>&nbsp;</p>\r\n\r\n<p>从2015年开始，从中央到地方都出台了多项鼓励租赁业务发展的政策，包括商业用房改租赁可以享受民水民电，给予住房租赁机构或个人税收优惠，推进REITS的试点等。租赁市场从顶层设计上获得了政策红利，推动行业蓬勃发展。</p>\r\n\r\n<p>&nbsp;</p>\r\n\r\n<p>此外，<strong>租赁市场长期存在的底层因素，如90后进入主力消费市场带来消费升级的需求以及租赁市场信息不对称和装修不符合需求等行业痛点的改善，</strong>也在以上周期背景和顶层设计的推动下产生了共振效应，使得整个品牌租赁市场进入一个新的加速阶段。</p>\r\n\r\n<p>&nbsp;</p>\r\n\r\n<hr />\r\n<p>&nbsp;</p>\r\n\r\n<p><strong>国内租赁市场长期空间5万亿</strong></p>\r\n\r\n<p>&nbsp;</p>\r\n\r\n<p>从趋势上看，<strong>租赁市场的GMV由两个指标决定，一是住房自有率，二是租金开支占收入的比重。</strong></p>\r\n\r\n<p>&nbsp;</p>\r\n\r\n<p>我们国家目前的住房自有率没有官方的数据可以支撑，行业内各种抽样调查的数据大约在75%的范围内，根据国际经验，经济越发达，住房自有率越低。随着经济的进一步发展，整体住房自有率预计还有10个点以上的下降空间。</p>\r\n\r\n<p>&nbsp;</p>\r\n\r\n<p>从另一个价格指标租金开支占收入比重来看，2016年我国的比重为19%，而从美国的经验看，全国平均为35%，一线城市平均为46%，二、三线均为31%。<strong>无论比照哪个标准，我国租赁人群在租金上的开支都有10个点以上的提升空间。在住房自有率和租金占比变化的共同作用下，预计2027年我国租赁市场将达到5万亿。</strong></p>\r\n\r\n<p>&nbsp;</p>\r\n\r\n<p><strong>长租跑道宽而长，龙头公司规模将超100万间</strong></p>\r\n\r\n<p>&nbsp;</p>\r\n\r\n<p><strong>我们预测未来中国的品牌公寓将同时存在集中式、分散式和托管式三种模式。整体品牌公寓的市场占有率将分布在10-15%的范围内。</strong></p>\r\n\r\n<p>&nbsp;</p>\r\n\r\n<p>我国目前品牌公寓的数量不到200万间，占整体租赁市场的比重约为2%，集中式公寓龙头公司的平均管理规模在2-3万间左右，分散式公寓龙头公司管理规模在50万间左右。<strong>未来品牌公寓如果能达到10%的市场占有率，整体的公寓数量将达到1060万间，</strong>Top10的管理公司平均管理间数为46.8万间，TopOP2的公司平均的管理数量将达到99.3万间。目前美国排名第一的公寓管理公司Greystar管理41.6万间，日本排名第一的公寓管理公司大东建托管理97.8万间。合理推测下，<strong>未来中国排名第一的品牌公寓管理公司将会管理超过100万间。&nbsp;</strong></p>\r\n\r\n<p>&nbsp;</p>\r\n\r\n<hr />\r\n<p>&nbsp;</p>\r\n\r\n<p><strong>玩家分析<br />\r\n资源与资金端优势决定龙头归属</strong></p>\r\n\r\n<p>&nbsp;</p>\r\n\r\n<p><strong>企业面临的现实困境</strong></p>\r\n\r\n<p>&nbsp;</p>\r\n\r\n<p>我国的长租公寓领域的公司一直处于谨慎发展状态中，原因之一是资产价格的高企导致国内租金回报率长期较低，这使得长租公寓的拿房成本高且企业很难在起步阶段自持物业；另一方面，在全球主要发达经济体利率趋于0甚至负的情况下，我国市场利率仍然长期在4%以上的水平，企业融资成本较高。<strong>过低的资产收益率和高企的融资成本很大程度上限制了企业加杠杆快速做大的可能性。</strong></p>\r\n\r\n<p>&nbsp;</p>\r\n\r\n<p>&nbsp;</p>\r\n\r\n<p>另外，我们根据目前的数据对长租公寓的息税前利润率做了敏感性分析。入住率在95%的情况下，拿房成本达到租金收入的60%则息税前利润率为0。人房比达到百间11人/百间则息税前利润率也将为0。综合来看，55%的拿房成本占比和百间65%的入住率是盈利的临零界点。</p>\r\n\r\n<p>&nbsp;</p>\r\n\r\n<p>这样的利润结构意味着<strong>长租公寓领域并不是一个盈利空间很丰厚的行业，</strong>对于已经进场和试图进场的玩家这依然是个有门槛的行业，<strong>无论是资源获取端还是运营管理端，市场参与者都行走在刀刃上，稍有不慎都将无利可图赔本出场。</strong></p>\r\n\r\n<p>&nbsp;</p>\r\n\r\n<p>&nbsp;</p>\r\n\r\n<p><strong>股权融资助力万亿市场竞速跑&nbsp;</strong></p>\r\n\r\n<p>&nbsp;</p>\r\n\r\n<p><strong>对于长租公寓这样一个资金和资源双密集型的行业，由于债权融资操作空间太小，使得在抢占市场份额的竞速赛跑中借助股权融资的力量来做大变得十分必要。</strong></p>\r\n\r\n<p>&nbsp;</p>\r\n\r\n<p>我们看到长租公寓领域的公司近这些年在私募PE市场上十分活跃，创业型的长租公寓公司在私募PE市场几乎每年进行1-2轮股权融资，我们统计的6家平均管理规模在2-3万间的代表企业目前累计已从股权市场融资接近60亿元人民币，这对于一个未来龙头管理规模将超过100万间、行业空间在万亿级别的市场投入而言仍然只是杯水车薪的投入。在目前定增受限、债务成本居高不下的市场环境下，即使背靠拥有A股上市公司平台的长租公寓公司在发展业务时也将目光投向了股权融资市场，试图借力股权融资加速业务发展。可以预见<strong>未来长租公寓领域将会是股权融资市场十分活跃的板块。</strong></p>\r\n\r\n<p>&nbsp;</p>\r\n\r\n<p><strong>四类市场参与者&ldquo;招数&rdquo;拆解</strong></p>\r\n\r\n<p>&nbsp;</p>\r\n\r\n<p>在目前长租公寓领域还未出现垄断性龙头的局面下，所有的市场参与者都在竞速赛跑扩大管理规模，抢占市场份额的阶段。应对资源与资金端的瓶颈上，各家公寓管理公司都充分利用各自的资源禀赋进行突破和尝试。我们判断未来资金与和资源端的优势和可持续性将决定行业龙头的归属。整体而言，市场现在主要有四类市场参与者：开发商类、中介类、酒店类、创业类，他们在各自的领域里都有独门武器。</p>\r\n\r\n<p>&nbsp;</p>\r\n\r\n<p>○&nbsp;<strong>开发商类背景</strong>的公寓管理公司充分利用了母公司手中的闲置自持资产进行升级改造，同时借助集团整体的信用进行低成本融资，开发商背景的公寓企业凭借&ldquo;富二代&rdquo;的高起点在长租公寓这个领域占据着先发优势，但他们的劣势也十分明显，离开了母公司的资源支持，温室中成长起来的团队在业务进行对外扩张时盈利的持续能力将遭遇严峻挑战，但如果管理团队能在初期母公司的呵护下练好内功，解决好内部团队激励问题，借助品牌的价值进行对外扩张，在长租公寓的大蛋糕中仍然是十分有利的竞争者。代表机构有万科泊寓、招商壹栈；</p>\r\n\r\n<p>&nbsp;</p>\r\n\r\n<p>○&nbsp;<strong>中介背景</strong>的公寓机构如链家（自如）、我爱我家（相寓）主要由租赁中介业务延展而来 ，有天然的客源和分散式房源获取渠道，所以中介背景的长租公寓商主要以分散式公寓切入市场，将长租公寓作为租赁中介业务的变形投入市场，以期获得更高的收益空间。在这个领域，我们判断有实力的中介将会逐步增加集中式公寓的比重，更好地发挥资金和客源优势，同时以集中式公寓为据点发展周边分散式租赁的托管服务，以轻重结合的方式进行扩张。中介背景的公寓商最大的挑战来自于运营，对产品的理解和成本控制能力将是争夺市场的关键；</p>\r\n\r\n<p>&nbsp;</p>\r\n\r\n<p>○&nbsp;<strong>酒店类背景</strong>的公寓商如华住（城家）、窝趣（铂涛）等的主要优势在于住客和存量物业的管理经验上要比别的市场参与者都丰富，运营效率有先发优势，并且在物业资源端，与开发商相似，酒店集团也拥有较多的存量物业可以进行改造转变物业运营功能。仅就内部物业获取而言，酒店类公寓运营商的获取能力要强于中介类和创业类，弱于开发商类，但内部物业的获取存在坪效竞争，地段不好的酒店改造成公寓在经营上的困难也并不小，而在对外扩张上，离开母公司的支持，酒店类公寓运营商与开发商类一样面临着物业获取难题。资金端上酒店类公寓运营商在资金优势上要弱于开发商类。</p>\r\n\r\n<p>&nbsp;</p>\r\n\r\n<p>○&nbsp;<strong>创业类</strong>是目前长租公寓领域中数量最多的参与者，与其它市场参与者相比而言，他们在资源端和资金端都没有先发优势，但经营思路和方式灵活，通常能在一个细分子领域中实现超速跨越。对于创业型公寓管理公司而言，领导者对细分市场的敏锐选择、商业模式的适应性、团队的执行能力都是更重要的市场竞争武器。我们认为创业型的公司中未来有可能出现细分领域的领跑者。</p>\r\n\r\n<p>&nbsp;</p>\r\n\r\n<p><strong>美日市场上三种成熟模式分析</strong></p>\r\n\r\n<p>&nbsp;</p>\r\n\r\n<p>纵观美国和日本的长租公寓市场，我们发现有三种代表型的上市公司：自持集中型、自持分散型、托管型。前两种出现在美国市场，市值最大的两家公司为AVALONBAY（AVB）和AMERICAN HOMES 4 RENT（AMH）；最后一种出现在日本市场，市值最大的是大东建托（DAITO）。其中盈利能力最好的是自持集中式的AVB，税前利润率为29%，其次是托管式的大东建托，纯租赁业务的税前利润率为3.6%。自持分散式的AMH只有1%。</p>\r\n\r\n<p>&nbsp;</p>\r\n\r\n<p><strong>集中VS分散：集中式的赚钱优势明显</strong></p>\r\n\r\n<p>&nbsp;</p>\r\n\r\n<p>我们选择同样自持经营，并且都在美国市场上市的AVB和AMH进行比较，可以看到，在物业运营成本和折旧两项涉及物业本身的成本上，集中式公寓都大幅跑赢分散式。这主要是由于集中式公寓具有集中拿房、集中装修、集中管理和一次性投入市场等特点，并且大部分集中式公寓为自建或者协商收购，较通过单个物业投标而来的分散式公寓有明显的成本端优势。</p>\r\n\r\n<p>&nbsp;</p>\r\n\r\n<p><strong>自持集中式的赚钱之道</strong></p>\r\n\r\n<p>&nbsp;</p>\r\n\r\n<p>通过对美国长租公寓板块6家集中式公寓公司的综合研究我们发现，稳定的自持集中式公寓运作模式包含以下几个特点：</p>\r\n\r\n<p>&nbsp;</p>\r\n\r\n<p>○&nbsp;自己持有90%以上的物业 ，顺应周期进行物业的获取和出售。</p>','长租公寓绝不是平稳磅礴的大江东流，充分竞争和市场波动阴影下，上演的只有战略的对垒、战术的肃杀和残酷流血故事。','media/images/life/5a5c7bd418c48.jpg',29,'1','2018-11-20 12:17:48'),(9,5,'四川已有10市入春 成都还得等等 26日阳光休息一下','<p>虽然最近冷空气不断，但依然阻挡不了天气回来的大趋势!春节过后，是不是更加能嗅到春天的味道了呢?年后的第一个周末，阳光让人不忍辜负，午后阳光依旧，昨日成都最高气温一下飙到了20℃。</p>\r\n\r\n<p><strong>四川已有10市入春</strong></p>\r\n\r\n<p>这个季节里，可以说植物是最先能感知到气候变化的。大家想知道&ldquo;大地回暖&rdquo;的消息，不妨走出家门，到成都的郊外走走看看，去迎接率先到来的春意。</p>\r\n\r\n<p>昨日是年后第一个休息日，阳光灿烂，不少人在朋友圈晒起了田间地头的油菜花以及公园里竞相开放的海棠花、梅花等。这些绽放的花骨朵似乎在告诉你：这就是春天了。</p>\r\n\r\n<p>事实上，全国大部回暖拉起号角，&ldquo;春姑娘&rdquo;实际上已提前光临四川在内的南方多地。是的，春天的气息已藏不住了。根据四川省专业气象台提供的气象数据显示，截至21日，绵阳、雅安、乐山、资阳、宜宾、泸州、遂宁、自贡、内江、眉山已成功入春。</p>\r\n\r\n<p><strong><strong>26日阳光又要休息一下</strong></strong></p>\r\n\r\n<p>在气象学定义里，通常把连续5天日平均气温稳定超过10℃的第一天视为春季的开始，及入春。这里需要提醒一下，成都并没有进入&ldquo;春天大本营&rdquo;哦，这或与春节后天气转变&ldquo;画风&rdquo;有关。</p>\r\n\r\n<p>目前来看，成都的气温还略有波动，虽然25日阳光给力气温飙到了20℃，但从成都市气象台发布的消息来看，26日当天阳光又要休息一下，最高气温将下降至15℃，27日到28日&ldquo;日光浴&rdquo;模式重新开启，气温继续回到20℃。</p>\r\n\r\n<p>具体为：25日晚上到26日白天，成都阴天间多云，西部沿山有零星小雨，气温9&mdash;15℃;26日晚上到27日白天，零星小雨转多云间晴，气温7&mdash;20℃;27日晚上到28日白天多云，气温7&mdash;20℃。</p>\r\n\r\n<p>那是不是可以预见成都会在未来的几天里成功入春呢?咋们拭目以待吧。而就四川省气象台发布的气象信息来看，未来一周，周前四川盆地以多云天气为主，周后期又有有一次较明显的降雨天气过程。所以，成都能不能赶在这波升温里入春成功，还得再看看。</p>\r\n\r\n<p>总之，现在正是季节转换的时刻，气温变化迅速，乍暖还寒，大家切不可掉以轻心，气温小波动，衣服不要减太快哦!</p>\r\n\r\n<p><strong>省内具体天气预报&gt;&gt;&gt;</strong></p>\r\n\r\n<p>26日白天：盆地各市阴天间多云，其中巴中、达州、广元、绵阳、德阳、雅安、乐山、泸州9市有零星小雨;甘孜州西北部、南部及凉山州北部多云间阴，局部地方有阵雪(雨)，川西高原和攀西地区的其余地方多云间晴。</p>\r\n\r\n<p>26日晚上到27日白天：广元、绵阳、德阳3市和成都、南充、巴中3市西部多云转晴，盆地其余地方小雨转多云，其中广安、达州2市局部有中雨;川西高原南部和攀西地区有分散性阵雨(雪)，川西高原其余地方晴间多云。</p>\r\n\r\n<p>27日晚上到28日白天：我省各市州以多云到晴天气为主。</p>\r\n\r\n<p>24小时内，盆地最低气温8-11℃，最高气温15-17℃。&nbsp;</p>\r\n\r\n<p>来源：四川人民政府网</p>\r\n\r\n<p>&nbsp;</p>','现在正是季节转换的时刻，气温变化迅速，乍暖还寒，大家切不可掉以轻心，气温小波动，衣服不要减太快哦!','media/images/life/5a5c7bd418c48.jpg',29,'1','2018-11-20 12:17:48'),(10,5,'妙招│绝了！衣服不管染上什么，用这招都能洗掉！','<p>穿衣服最怕什么？当然是染上污渍，却怎么也洗不掉！但只要用下面这几招，不管染上什么都能洗掉！</p>\r\n\r\n<p><strong>墨水渍</strong></p>\r\n\r\n<p><strong>牙刷+酒精+洗衣粉+清水</strong></p>\r\n\r\n<p><strong>1</strong></p>\r\n\r\n<p>用牙刷（也可直接用手）蘸取适量洗衣粉覆盖在墨水渍处，然后取适量酒精把墨水渍涂抹至湿透，揉搓后用清水洗净，就能干净如初。</p>\r\n\r\n<p><img alt=\"妙招│绝了！衣服不管染上什么，用这招都能洗掉！\" src=\"https://www.1vgy.com/travel/upload/image/20180619/1529377796138605.jpg\" style=\"-webkit-max-logical-width:100%; -webkit-tap-highlight-color:transparent; border-style:none; box-sizing:border-box !important; display:block; height:auto !important; margin:10px auto; max-width:100%; outline:none 0px !important; padding:0px; word-wrap:break-word !important\" /></p>\r\n\r\n<p>&nbsp;</p>\r\n\r\n<p><strong>葡萄酒渍</strong></p>\r\n\r\n<p><strong>肥皂+海绵+干布+清水</strong></p>\r\n\r\n<p><strong>2</strong></p>\r\n\r\n<p>把衣服有污渍的地方先在清水中泡一下，然后用干布吸干红酒的酒精，再用微湿的海绵蘸取肥皂，在污渍上涂抹，搓洗后洗净，红酒渍就消失啦！</p>\r\n\r\n<p><img alt=\"妙招│绝了！衣服不管染上什么，用这招都能洗掉！\" src=\"https://www.1vgy.com/travel/upload/image/20180619/1529377796107523.jpg\" style=\"-webkit-max-logical-width:100%; -webkit-tap-highlight-color:transparent; border-style:none; box-sizing:border-box !important; display:block; height:auto !important; margin:10px auto; max-width:100%; outline:none 0px !important; padding:0px; word-wrap:break-word !important\" /></p>\r\n\r\n<p>&nbsp;</p>\r\n\r\n<p><strong>饭菜油渍</strong></p>\r\n\r\n<p><strong>清水+爽身粉</strong></p>\r\n\r\n<p><strong>3</strong></p>\r\n\r\n<p>把衣服油渍处浸湿后用适量爽身粉覆盖，揉搓后吸收油分，然后再洗净即可。</p>\r\n\r\n<p><img alt=\"妙招│绝了！衣服不管染上什么，用这招都能洗掉！\" src=\"https://www.1vgy.com/travel/upload/image/20180619/1529377797102523.jpg\" style=\"-webkit-max-logical-width:100%; -webkit-tap-highlight-color:transparent; border-style:none; box-sizing:border-box !important; display:block; height:auto !important; margin:10px auto; max-width:100%; outline:none 0px !important; padding:0px; word-wrap:break-word !important\" /></p>\r\n\r\n<p>&nbsp;</p>\r\n\r\n<p><strong>旧咖啡渍</strong></p>\r\n\r\n<p><strong>牙刷+甘油+蛋黄+清水</strong></p>\r\n\r\n<p><strong>4</strong></p>\r\n\r\n<p>甘油与蛋黄混合后，用牙刷蘸取适量涂抹在污渍上，揉搓后用清水洗掉，再久的咖啡渍都能帮你搞定！</p>\r\n\r\n<p><img alt=\"妙招│绝了！衣服不管染上什么，用这招都能洗掉！\" src=\"https://www.1vgy.com/travel/upload/image/20180619/1529377797137112.jpg\" style=\"-webkit-max-logical-width:100%; -webkit-tap-highlight-color:transparent; border-style:none; box-sizing:border-box !important; display:block; height:auto !important; margin:10px auto; max-width:100%; outline:none 0px !important; padding:0px; word-wrap:break-word !important\" /></p>\r\n\r\n<p>&nbsp;</p>\r\n\r\n<p><strong>火锅汤渍</strong></p>\r\n\r\n<p><strong>牙刷+牙膏+清水</strong></p>\r\n\r\n<p><strong>5</strong></p>\r\n\r\n<p>取适量牙膏在衣服的汤汁处轻刷，然后再用清水冲洗干净。</p>\r\n\r\n<p><img alt=\"妙招│绝了！衣服不管染上什么，用这招都能洗掉！\" src=\"https://www.1vgy.com/travel/upload/image/20180619/1529377797631233.jpg\" style=\"-webkit-max-logical-width:100%; -webkit-tap-highlight-color:transparent; border-style:none; box-sizing:border-box !important; display:block; height:auto !important; margin:10px auto; max-width:100%; outline:none 0px !important; padding:0px; word-wrap:break-word !important\" /></p>\r\n\r\n<p>&nbsp;</p>\r\n\r\n<p><strong>茶水渍</strong></p>\r\n\r\n<p><strong>清水+甘油</strong></p>\r\n\r\n<p><strong>6</strong></p>\r\n\r\n<p>把甘油和清水以1：5的比例混合，然后把衣服的污渍处放在甘油溶液里搓洗，最后用清水洗干净。</p>\r\n\r\n<p><img alt=\"妙招│绝了！衣服不管染上什么，用这招都能洗掉！\" src=\"https://www.1vgy.com/travel/upload/image/20180619/1529377798115751.jpg\" style=\"-webkit-max-logical-width:100%; -webkit-tap-highlight-color:transparent; border-style:none; box-sizing:border-box !important; display:block; height:auto !important; margin:10px auto; max-width:100%; outline:none 0px !important; padding:0px; word-wrap:break-word !important\" /></p>\r\n\r\n<p>&nbsp;</p>\r\n\r\n<p><strong>酱油渍</strong></p>\r\n\r\n<p><strong>清水+白砂糖</strong></p>\r\n\r\n<p><strong>7</strong></p>','穿衣服最怕什么？当然是染上污渍，却怎么也洗不掉！','media/images/life/5a5c7bd418c48.jpg',33,'1','2018-11-20 12:17:48'),(11,6,'500多位租客退租金等了小半年，这家长租公寓的毛病怎么治？','<p><strong>一位住在名为&ldquo;大熊公寓&rdquo;的租客表示，退租后租金以及押金与公寓方纠缠了近乎小半年，仍没有结果。而自己仅仅是500多位等待退租金的其中一员。</strong></p>\r\n\r\n<p>&nbsp;</p>\r\n\r\n<p>&nbsp;</p>\r\n\r\n<p><strong>01</strong></p>\r\n\r\n<p>被强制退房 租金押金迟迟不退还？</p>\r\n\r\n<p>&nbsp;</p>\r\n\r\n<p>目前，由租户自发建立的&ldquo;昊园恒业（大熊公寓改名前）退租押金维权群&rdquo;内，陆续进入近500位租赁合同未到期被强制退房，押金未退换的租客。几个月下来，除少数租客押金正常退还外，大多数租客还处于等待状况。这些租客在大熊公寓中都经历了什么事呢？</p>\r\n\r\n<p>&nbsp;</p>\r\n\r\n<p><img alt=\"640.webp.jpg\" src=\"/travel/upload/image/20181012/1539310189108943.jpg\" title=\"1539310189108943.jpg\" /></p>\r\n\r\n<p>&nbsp;</p>\r\n\r\n<p><strong>未告知的租金贷&nbsp; 被强制退的房</strong></p>\r\n\r\n<p>今年4月22日，李然（化名）看中了朝阳雅筑小区内一单间，随后就和中介&mdash;&mdash;北京昊园恒业房地产经纪有限公司（后在租住过程中改名为大熊公寓）看房子谈价格。李然便打算跟昊园恒业签1年合同，但昊园恒业方表示，只能签10月。不过，到期后他们可跟业主方续签，李然可继续租住，对此，李然也表示理解。</p>\r\n\r\n<p>&nbsp;</p>\r\n\r\n<p>但在跟昊园恒业正式签订租房合同后，李然被告知，押金、中介费和管理费通过支付宝转给昊园恒业指定账户，但房租则必须通过&ldquo;元宝e家&rdquo;这一第三方平台提交，且没有商量的余地，李然只好同意。</p>\r\n\r\n<p>&nbsp;</p>\r\n\r\n<p>在李然出具的房屋租赁合同内明确写道，自2018年4月22日至2019年4月21日至。房租每月2550元，房屋租金交付方式为：押一付一，管理费为720元。</p>\r\n\r\n<p>&nbsp;</p>\r\n\r\n<p>但是9月初，因不愿接受昊园恒业强制要求绑定元宝e家，加上房东担心中介资金链出问题，因此，房东与昊园恒业的房屋委托合约9月7号终止后，不准备和其续租，进而让李然搬走。此外，房东表示自己早在一个月前，就已通知中介，让其告知租户早做准备，但包括李然在内，屋里总共四个租户从来没有接到类似通知。</p>\r\n\r\n<p>&nbsp;</p>\r\n\r\n<p>目前李然已搬离朝阳雅筑小区，同时也要求昊园恒业开出了元宝e家的结清证明。不过，2550元押金一直没有退还。</p>\r\n\r\n<p>&nbsp;</p>\r\n\r\n<p><strong>拒绝租金贷 中介&ldquo;要么换房要么退租&rdquo;</strong></p>\r\n\r\n<p>小美遭遇了跟李然类似的情况。小美于2017年12月通过&ldquo;美丽家园&rdquo;这一中介机构租到回龙观区域一房源，租金为2400元。今天2月，美丽家园被昊园恒业收购，被强制要求更换合同。小美处于安全考虑，未办理元宝e贷，选择季付。然而，到了今年4月，房东第一次上门让小美搬走，在小美的安抚下，第一季度顺利度过。然而今年7月份，房东再次上门强行收房，并带来了新中介，昊园恒业不管，只说要么换房要么退租，7月初，经过协商，昊园恒业答应给小美办理相关手续。</p>\r\n\r\n<p>&nbsp;</p>\r\n\r\n<p>但是30个工作日后，2个月剩余房租加押金共计7000元左右并未归还。小美开始致电客服，对方推脱：&ldquo;财务会核实后打款&rdquo;，后来多次打不通电话。最终，经过协商，昊园恒业承诺11月退款，&ldquo;如果到期没退，我会起诉。&rdquo;小美说。</p>\r\n\r\n<p>&nbsp;</p>\r\n\r\n<p><strong>解得了租约 解不了的贷款？</strong></p>\r\n\r\n<p>值得注意的是，除了迟迟不退押金外，甚至还有租客反馈，与元宝e家绑定的银行卡已经解绑了，却仍出现了扣款的现象。租住昌平的一名租客，已于8月19日跟昊园恒业解除合同，然而，就在10月4日，与元宝e家绑定的银行卡，还在缴纳每个月1500元的租金贷费用。</p>\r\n\r\n<p>&nbsp;</p>\r\n\r\n<p><img src=\"/travel/upload/image/20181012/1539310204952250.jpg\" title=\"1539310204952250.jpg\" /><img src=\"https://www.1vgy.com/travel/upload/image/20181012/1539310204115028.jpg\" style=\"color:#040404; font-family:微软雅黑; font-size:15px; letter-spacing:1px; text-align:justify; white-space:normal\" title=\"1539310204115028.jpg\" /></p>\r\n\r\n<p><span style=\"color:#888888\">&nbsp;图片来源：租客提供</span></p>\r\n\r\n<p>&nbsp;</p>\r\n\r\n<p>&nbsp;</p>\r\n\r\n<p><strong>02</strong></p>\r\n\r\n<p>被收购、被贷款的毛病犯了？</p>\r\n\r\n<p>&nbsp;</p>\r\n\r\n<p>通过上述几位租客的案例，不难看出，大熊公寓在这其中犯的毛病主要有以下几项：</p>\r\n\r\n<p>&nbsp;</p>\r\n\r\n<p><strong>未提前告知租金贷的存在</strong></p>\r\n\r\n<p>从李然的案例可以看出，在租房合约签订之前，大熊公寓并没有提前告知租客租金贷的存在，而是在签订合约之后，才通知租客这一细节。其实，这已经不是大熊公寓第一次犯这类错误了。在2017年的3月就有租客因为租房业务员未提前告知其租房贷款业务的存在，而令租客不能贷款买车，工商部门已经完成对大熊公寓的调查取证工作之后，对当事人作出罚款3万元的处罚决定。</p>\r\n\r\n<p>&nbsp;</p>\r\n\r\n<p><strong>与租金贷款平台之间的业务未及时处理</strong></p>\r\n\r\n<p>当租客在提出解约，并完成了银行卡解绑以及搬离房屋的处理之后，仍然有银行卡继续被扣款的情况出现。这显然是大熊公寓与租房贷款平台之间的退租业务未及时处理而导致的，对于被强制退租的租客来说，显然是伤害的加倍。</p>\r\n\r\n<p>&nbsp;</p>\r\n\r\n<p><strong>未能获取房东的信任</strong></p>\r\n\r\n<p>在大熊公寓被退租的情况中，有多位房东是处于担忧这一运营商存在着资金链断裂的风险，从而宁愿承担违约金，而希望将房子收回。这主要是由于大熊公寓要求强制绑定租房贷平台，加上近来关于租金贷的负面新闻，加速了房东将房子收回。一旦这一信任丢失，那么对于分散式公寓来说，是一个较大的损失。</p>\r\n\r\n<p>&nbsp;</p>\r\n\r\n<p>&nbsp;</p>\r\n\r\n<p><strong>03</strong></p>\r\n\r\n<p>什么才是长租公寓的正确态度</p>\r\n\r\n<p>&nbsp;</p>\r\n\r\n<p>近来长租公寓在经历了房租暴涨、甲醛事件以及租金贷事件，相信对于这一着力于提升租房居住体验的生活类产品，无论是外界亦或是行业都不希望这一行业不能获得良好发展。那么就这一退租金难事件，长租公寓运营商该如何做好关键环节，避免这类事件再次发生，从而对租客造成损失呢？迈点空间租赁认为可以从以下几方面做起：</p>\r\n\r\n<p>&nbsp;</p>\r\n\r\n<p><strong>对于租金贷，不强制不诱骗</strong></p>\r\n\r\n<p>首先是对于租金贷的态度，　&ldquo;房屋中介未明确告知租客不是借贷关系，反而进行误导，是一种民事欺诈行为，根据法律规定，受欺诈而形成的合同关系可以撤销，租户可以要求中介赔偿损失。&rdquo;中央财经大学预防金融证券犯罪研究所研究员、北京市京师律师事务所律师许浩指出。对此，目前上海市已发布《关于进一步规范上海代理经租企业及个人&ldquo;租金贷&rdquo;相关业务的通知》，共推出10条具体监管举措，其中对于代理经租企业提出要求：做好事先告知和风险提示以及加强风险管理。</p>\r\n\r\n<p>&nbsp;</p>\r\n\r\n<p><strong>与租金贷平台之间及时沟通</strong></p>\r\n\r\n<p>对于退租之后，租客的银行卡仍然被扣款，成了租客心头上最大的一根刺。所以在租客退租之后需要及时与租房贷平台协同解决问题。之前的杭州鼎家公寓便因为后续租金贷事件而备受媒体关注，而其中一家租金贷企业爱上街召开沟通会，声称将从2018年8月29日起依次联系鼎家事件中的受害租客办理分期解除手续，予以全面解除账单。涉及鼎家事件的爱上街用户仍有243名，涉及资金180万左右人民币。所以当事件发生之后，需要多方协同来共同解决这一问题，尽量减少为租客带来损失。</p>\r\n\r\n<p>&nbsp;</p>\r\n\r\n<p><strong>做好风控 稳步扩张</strong></p>\r\n\r\n<p>对于租金贷的使用，兰州一家长租公寓的运营者吴子福表示&ldquo;客户需要押一付一，我们需要现金流，租房分期顺应市场。&rdquo;对于资质背景较差的区域性中小型长租公寓运营商来说，很难直接拿到银行信贷，也难以发行资产证券化产品，而与消费金融平台合作，有利于加速长租公寓运营方回款、提高租金回报率。</p>\r\n\r\n<p>&nbsp;</p>\r\n\r\n<p>但其实一些消费金融机构目前对与中介合作、进行租房分期业务却表示审慎。一位对租房贷持审慎态度的持牌消费金融公司负责人表示，不同于手机等商品，租房是一种非标品的消费场景，而房租的定价权往往不透明。此外，一旦中介破产或者跑路，那么提供消费分期的机构就要承担相当大的风险。</p>\r\n\r\n<p>&nbsp;</p>\r\n\r\n<p>所以对于想要利用租金贷杠杆来进行扩张的公寓运营商需要谨慎，做好风险控制，并非盲目而行，导致对租客利益进行损伤。</p>\r\n\r\n<p>&nbsp;</p>\r\n\r\n<p>大熊公寓这一事件，与鼎家数千户租客受损相比较，其数字的确不触目动心；与房租暴涨涉及的范围相比较，其地区目前仅限北京。但是对于受损的租客来说，都是金钱的损失以及受到了一定的伤害。所以，以小见大，对于每一起长租公寓所经历的小动荡，我们都需要认真对待，总结教训，避免同样的事情再次出现。只有老毛病不再犯，租客的租房生活才能更为安稳美好。</p>\r\n\r\n<p>&nbsp;</p>\r\n\r\n<p>* <strong>文章来源：公众号-迈点空间租赁</strong></p>\r\n\r\n<p><strong>声明：本文及图片来源于网络，版权归原作者所有，如有侵权请立即与我们联系，我们将及时删除。</strong></p>\r\n\r\n<p>&nbsp;</p>','这些租客在公寓中都经历了什么事呢？','media/images/life/5a5c7bd418c48.jpg',21,'1','2018-11-20 12:17:48'),(92,5,'成都积分入户名单公示！最低分122，你上榜了吗？附完整名单！','<p><span style=\"color:#7f7f7f\">好消息!</span></p>\r\n\r\n<p><span style=\"color:#7f7f7f\">今年积分入户名单</span></p>\r\n\r\n<p><span style=\"color:#7f7f7f\">终于公示啦!</span></p>\r\n\r\n<p>&nbsp;</p>\r\n\r\n<p>&nbsp;</p>\r\n\r\n<p>01</p>\r\n\r\n<p>&nbsp;</p>\r\n\r\n<p><strong><span style=\"color:#ffc000\">公告</span></strong></p>\r\n\r\n<p><img alt=\"20180929_142101_025.jpg\" src=\"https://www.1vgy.com/travel/upload/image/20180929/1538202088128686.jpg\" style=\"-webkit-max-logical-width:100%; box-sizing:border-box !important; height:auto !important; margin:0px; max-width:100%; outline:none 0px !important; padding:0px; word-wrap:break-word !important\" title=\"1538202088128686.jpg\" /></p>\r\n\r\n<p>&nbsp;</p>\r\n\r\n<p>&nbsp;</p>\r\n\r\n<p>02</p>\r\n\r\n<p>&nbsp;</p>\r\n\r\n<p><strong><span style=\"color:#ffc000\">最低门槛分</span></strong></p>\r\n\r\n<p><span style=\"color:#7f7f7f\">122分</span></p>\r\n\r\n<p><span style=\"color:#7f7f7f\">最高分，460分</span></p>\r\n\r\n<p>&nbsp;</p>\r\n\r\n<p>&nbsp;</p>\r\n\r\n<p>03</p>\r\n\r\n<p>&nbsp;</p>\r\n\r\n<p><span style=\"color:#ffc000\"><strong>排序原则</strong></span></p>\r\n\r\n<p><span style=\"color:#7f7f7f\">不同分数按照分数高低排序</span></p>\r\n\r\n<p><span style=\"color:#7f7f7f\">同分数按照参保年限、居住年限等依次排序</span></p>\r\n\r\n<p>&nbsp;</p>\r\n\r\n<p>&nbsp;</p>\r\n\r\n<p>04</p>\r\n\r\n<p>&nbsp;</p>\r\n\r\n<p><span style=\"color:#ffc000\"><strong>几个关键时间</strong></span></p>\r\n\r\n<p><span style=\"color:#7f7f7f\">公示时间为2018年9月25日至2018年9月29日。</span></p>\r\n\r\n<p><span style=\"color:#7f7f7f\">公示期间，任何单位或个人均可通过来电、来信、来访等形式向成都市人民政府人口服务管理办公室(地址：成都市青羊区文武路136号，电话：86407657)反映公示对象的情况和问题。</span></p>\r\n\r\n<p><span style=\"color:#7f7f7f\">反映情况须实事求是，客观公正。反映人应提供真实姓名、联系电话等信息。</span></p>\r\n\r\n<p><span style=\"color:#7f7f7f\">受理部门将对反映人身份及反映的情况和问题严格保密，并联合相关部门认真调查核实。</span></p>\r\n\r\n<p><span style=\"color:#7f7f7f\">9月30日：最终名单公布</span></p>\r\n\r\n<p><span style=\"color:#7f7f7f\">11月30日前：办理入户</span></p>\r\n\r\n<p><img alt=\"20180929_142101_026.jpg\" src=\"https://www.1vgy.com/travel/upload/image/20180929/1538202106641302.jpg\" style=\"-webkit-max-logical-width:100%; box-sizing:border-box !important; height:auto !important; margin:0px; max-width:100%; outline:none 0px !important; padding:0px; word-wrap:break-word !important\" title=\"1538202106641302.jpg\" /></p>\r\n\r\n<p>&nbsp;</p>\r\n\r\n<p>&nbsp;</p>\r\n\r\n<p>05</p>\r\n\r\n<p>&nbsp;</p>\r\n\r\n<p><span style=\"color:#ffc000\"><strong>2018年度成都市积分入户公示名单</strong></span></p>\r\n\r\n<p><img alt=\"640.webp.jpg\" src=\"https://www.1vgy.com/travel/upload/image/20180929/1538202128878106.jpg\" style=\"-webkit-max-logical-width:100%; box-sizing:border-box !important; height:auto !important; margin:0px; max-width:100%; outline:none 0px !important; padding:0px; word-wrap:break-word !important\" title=\"1538202128878106.jpg\" /></p>\r\n\r\n<p><span style=\"color:#ffc000\"><strong>如何查看是否入选名单?</strong></span></p>\r\n\r\n<p><span style=\"color:#7f7f7f\">微信对话框输入<span style=\"color:#ffc000\"><strong>姓名+积分</strong></span>，即可查询~</span></p>','你上榜了吗？','media/images/life/5a5c7bd418c48.jpg',36,'1','2018-11-20 12:16:10');
/*!40000 ALTER TABLE `apply_life` ENABLE KEYS */;
UNLOCK TABLES;

--
-- Table structure for table `apply_lifetype`
--

DROP TABLE IF EXISTS `apply_lifetype`;
/*!40101 SET @saved_cs_client     = @@character_set_client */;
/*!40101 SET character_set_client = utf8 */;
CREATE TABLE `apply_lifetype` (
  `id` int(11) NOT NULL AUTO_INCREMENT,
  `name` varchar(50) DEFAULT NULL COMMENT '类型名称',
  `sort` int(11) DEFAULT '0' COMMENT '排序',
  `status` enum('0','1') DEFAULT '0' COMMENT '状态 0未发布 1已发布',
  PRIMARY KEY (`id`),
  UNIQUE KEY `name` (`name`)
) ENGINE=InnoDB AUTO_INCREMENT=7 DEFAULT CHARSET=utf8;
/*!40101 SET character_set_client = @saved_cs_client */;

--
-- Dumping data for table `apply_lifetype`
--

LOCK TABLES `apply_lifetype` WRITE;
/*!40000 ALTER TABLE `apply_lifetype` DISABLE KEYS */;
INSERT INTO `apply_lifetype` VALUES (1,'最新动态',1,'1'),(2,'吃在成都',3,'1'),(3,'工作&amp;成长',5,'1'),(4,'玩在成都',4,'1'),(5,'住在成都',2,'1'),(6,'行业资讯',0,'1');
/*!40000 ALTER TABLE `apply_lifetype` ENABLE KEYS */;
UNLOCK TABLES;

--
-- Table structure for table `apply_region`
--

DROP TABLE IF EXISTS `apply_region`;
/*!40101 SET @saved_cs_client     = @@character_set_client */;
/*!40101 SET character_set_client = utf8 */;
CREATE TABLE `apply_region` (
  `id` int(11) NOT NULL AUTO_INCREMENT,
  `name` varchar(50) DEFAULT NULL COMMENT '行政区名称',
  `sort` int(11) DEFAULT '0',
  `status` enum('0','1') DEFAULT '0' COMMENT '状态 0未发布 1已发布',
  PRIMARY KEY (`id`),
  UNIQUE KEY `name` (`name`)
) ENGINE=InnoDB AUTO_INCREMENT=14 DEFAULT CHARSET=utf8;
/*!40101 SET character_set_client = @saved_cs_client */;

--
-- Dumping data for table `apply_region`
--

LOCK TABLES `apply_region` WRITE;
/*!40000 ALTER TABLE `apply_region` DISABLE KEYS */;
INSERT INTO `apply_region` VALUES (1,'双流',0,'1'),(2,'天府新区',0,'1'),(3,'成华',0,'1'),(4,'新都',0,'1'),(5,'武侯',0,'1'),(6,'温江',0,'1'),(7,'郫县',0,'1'),(8,'金牛',0,'1'),(9,'锦江',0,'1'),(10,'青羊',0,'1'),(11,'高新区',0,'1'),(12,'高新西区',0,'1'),(13,'龙泉驿',0,'1');
/*!40000 ALTER TABLE `apply_region` ENABLE KEYS */;
UNLOCK TABLES;

--
-- Table structure for table `apply_traffic`
--

DROP TABLE IF EXISTS `apply_traffic`;
/*!40101 SET @saved_cs_client     = @@character_set_client */;
/*!40101 SET character_set_client = utf8 */;
CREATE TABLE `apply_traffic` (
  `id` int(11) NOT NULL AUTO_INCREMENT,
  `name` varchar(50) DEFAULT NULL COMMENT '轨道交通名称',
  `sort` int(11) DEFAULT '0' COMMENT '排序',
  `status` enum('0','1') DEFAULT '0' COMMENT '状态 0未发布 1已发布',
  PRIMARY KEY (`id`),
  UNIQUE KEY `name` (`name`)
) ENGINE=InnoDB AUTO_INCREMENT=8 DEFAULT CHARSET=utf8;
/*!40101 SET character_set_client = @saved_cs_client */;

--
-- Dumping data for table `apply_traffic`
--

LOCK TABLES `apply_traffic` WRITE;
/*!40000 ALTER TABLE `apply_traffic` DISABLE KEYS */;
INSERT INTO `apply_traffic` VALUES (1,'1号线',0,'1'),(3,'2号线',0,'1'),(4,'3号线',0,'1'),(5,'4号线',0,'1'),(6,'7号线',0,'1'),(7,'10号线',0,'1');
/*!40000 ALTER TABLE `apply_traffic` ENABLE KEYS */;
UNLOCK TABLES;

--
-- Table structure for table `auth_group`
--

DROP TABLE IF EXISTS `auth_group`;
/*!40101 SET @saved_cs_client     = @@character_set_client */;
/*!40101 SET character_set_client = utf8 */;
CREATE TABLE `auth_group` (
  `id` int(11) NOT NULL AUTO_INCREMENT,
  `name` varchar(80) NOT NULL,
  PRIMARY KEY (`id`),
  UNIQUE KEY `name` (`name`)
) ENGINE=InnoDB DEFAULT CHARSET=utf8;
/*!40101 SET character_set_client = @saved_cs_client */;

--
-- Dumping data for table `auth_group`
--

LOCK TABLES `auth_group` WRITE;
/*!40000 ALTER TABLE `auth_group` DISABLE KEYS */;
/*!40000 ALTER TABLE `auth_group` ENABLE KEYS */;
UNLOCK TABLES;

--
-- Table structure for table `auth_group_permissions`
--

DROP TABLE IF EXISTS `auth_group_permissions`;
/*!40101 SET @saved_cs_client     = @@character_set_client */;
/*!40101 SET character_set_client = utf8 */;
CREATE TABLE `auth_group_permissions` (
  `id` int(11) NOT NULL AUTO_INCREMENT,
  `group_id` int(11) NOT NULL,
  `permission_id` int(11) NOT NULL,
  PRIMARY KEY (`id`),
  UNIQUE KEY `auth_group_permissions_group_id_permission_id_0cd325b0_uniq` (`group_id`,`permission_id`),
  KEY `auth_group_permissio_permission_id_84c5c92e_fk_auth_perm` (`permission_id`),
  CONSTRAINT `auth_group_permissio_permission_id_84c5c92e_fk_auth_perm` FOREIGN KEY (`permission_id`) REFERENCES `auth_permission` (`id`),
  CONSTRAINT `auth_group_permissions_group_id_b120cbf9_fk_auth_group_id` FOREIGN KEY (`group_id`) REFERENCES `auth_group` (`id`)
) ENGINE=InnoDB DEFAULT CHARSET=utf8;
/*!40101 SET character_set_client = @saved_cs_client */;

--
-- Dumping data for table `auth_group_permissions`
--

LOCK TABLES `auth_group_permissions` WRITE;
/*!40000 ALTER TABLE `auth_group_permissions` DISABLE KEYS */;
/*!40000 ALTER TABLE `auth_group_permissions` ENABLE KEYS */;
UNLOCK TABLES;

--
-- Table structure for table `auth_permission`
--

DROP TABLE IF EXISTS `auth_permission`;
/*!40101 SET @saved_cs_client     = @@character_set_client */;
/*!40101 SET character_set_client = utf8 */;
CREATE TABLE `auth_permission` (
  `id` int(11) NOT NULL AUTO_INCREMENT,
  `name` varchar(255) NOT NULL,
  `content_type_id` int(11) NOT NULL,
  `codename` varchar(100) NOT NULL,
  PRIMARY KEY (`id`),
  UNIQUE KEY `auth_permission_content_type_id_codename_01ab375a_uniq` (`content_type_id`,`codename`),
  CONSTRAINT `auth_permission_content_type_id_2f476e4b_fk_django_co` FOREIGN KEY (`content_type_id`) REFERENCES `django_content_type` (`id`)
) ENGINE=InnoDB AUTO_INCREMENT=58 DEFAULT CHARSET=utf8;
/*!40101 SET character_set_client = @saved_cs_client */;

--
-- Dumping data for table `auth_permission`
--

LOCK TABLES `auth_permission` WRITE;
/*!40000 ALTER TABLE `auth_permission` DISABLE KEYS */;
INSERT INTO `auth_permission` VALUES (1,'Can add log entry',1,'add_logentry'),(2,'Can change log entry',1,'change_logentry'),(3,'Can delete log entry',1,'delete_logentry'),(4,'Can add permission',2,'add_permission'),(5,'Can change permission',2,'change_permission'),(6,'Can delete permission',2,'delete_permission'),(7,'Can add group',3,'add_group'),(8,'Can change group',3,'change_group'),(9,'Can delete group',3,'delete_group'),(10,'Can add user',4,'add_user'),(11,'Can change user',4,'change_user'),(12,'Can delete user',4,'delete_user'),(13,'Can add content type',5,'add_contenttype'),(14,'Can change content type',5,'change_contenttype'),(15,'Can delete content type',5,'delete_contenttype'),(16,'Can add session',6,'add_session'),(17,'Can change session',6,'change_session'),(18,'Can delete session',6,'delete_session'),(19,'Can add community',7,'add_community'),(20,'Can change community',7,'change_community'),(21,'Can delete community',7,'delete_community'),(22,'Can add 客户',8,'add_customer'),(23,'Can change 客户',8,'change_customer'),(24,'Can delete 客户',8,'delete_customer'),(25,'Can add 租房生活',9,'add_rentlife'),(26,'Can change 租房生活',9,'change_rentlife'),(27,'Can delete 租房生活',9,'delete_rentlife'),(28,'Can add 房屋',10,'add_house'),(29,'Can change 房屋',10,'change_house'),(30,'Can delete 房屋',10,'delete_house'),(31,'Can add 配套设施',11,'add_facilities'),(32,'Can change 配套设施',11,'change_facilities'),(33,'Can delete 配套设施',11,'delete_facilities'),(34,'Can add 轨道交通',12,'add_traffic'),(35,'Can change 轨道交通',12,'change_traffic'),(36,'Can delete 轨道交通',12,'delete_traffic'),(37,'Can add 房屋图片',13,'add_house_album'),(38,'Can change 房屋图片',13,'change_house_album'),(39,'Can delete 房屋图片',13,'delete_house_album'),(40,'Can add 商圈',14,'add_block'),(41,'Can change 商圈',14,'change_block'),(42,'Can delete 商圈',14,'delete_block'),(43,'Can add 租房生活类型',15,'add_rentlife_type'),(44,'Can change 租房生活类型',15,'change_rentlife_type'),(45,'Can delete 租房生活类型',15,'delete_rentlife_type'),(46,'Can add 行政区',16,'add_region'),(47,'Can change 行政区',16,'change_region'),(48,'Can delete 行政区',16,'delete_region'),(49,'Can add 房屋图片',17,'add_housealbum'),(50,'Can change 房屋图片',17,'change_housealbum'),(51,'Can delete 房屋图片',17,'delete_housealbum'),(52,'Can add 租房生活',18,'add_life'),(53,'Can change 租房生活',18,'change_life'),(54,'Can delete 租房生活',18,'delete_life'),(55,'Can add 租房生活类型',19,'add_lifetype'),(56,'Can change 租房生活类型',19,'change_lifetype'),(57,'Can delete 租房生活类型',19,'delete_lifetype');
/*!40000 ALTER TABLE `auth_permission` ENABLE KEYS */;
UNLOCK TABLES;

--
-- Table structure for table `auth_user`
--

DROP TABLE IF EXISTS `auth_user`;
/*!40101 SET @saved_cs_client     = @@character_set_client */;
/*!40101 SET character_set_client = utf8 */;
CREATE TABLE `auth_user` (
  `id` int(11) NOT NULL AUTO_INCREMENT,
  `password` varchar(128) NOT NULL,
  `last_login` datetime(6) DEFAULT NULL,
  `is_superuser` tinyint(1) NOT NULL,
  `username` varchar(150) NOT NULL,
  `first_name` varchar(30) NOT NULL,
  `last_name` varchar(30) NOT NULL,
  `email` varchar(254) NOT NULL,
  `is_staff` tinyint(1) NOT NULL,
  `is_active` tinyint(1) NOT NULL,
  `date_joined` datetime(6) NOT NULL,
  PRIMARY KEY (`id`),
  UNIQUE KEY `username` (`username`)
) ENGINE=InnoDB AUTO_INCREMENT=3 DEFAULT CHARSET=utf8;
/*!40101 SET character_set_client = @saved_cs_client */;

--
-- Dumping data for table `auth_user`
--

LOCK TABLES `auth_user` WRITE;
/*!40000 ALTER TABLE `auth_user` DISABLE KEYS */;
INSERT INTO `auth_user` VALUES (1,'pbkdf2_sha256$36000$oMEkamwzNGzt$p+84WNHWM9thkSRR64WltIxU4g6MQt8ldpgizMpa1Pc=','2018-11-07 10:33:47.253003',1,'tarena','','','295314201@qq.com',1,1,'2018-11-07 10:19:39.155544'),(2,'pbkdf2_sha256$36000$NR7i7cj7tIqM$i/CpDuZzflVi9UK0Cs1w8PHKpgtBWKmzd5EsxfSObZQ=','2018-11-22 02:39:20.060788',1,'admin','','','',1,1,'2018-11-22 02:39:01.872573');
/*!40000 ALTER TABLE `auth_user` ENABLE KEYS */;
UNLOCK TABLES;

--
-- Table structure for table `auth_user_groups`
--

DROP TABLE IF EXISTS `auth_user_groups`;
/*!40101 SET @saved_cs_client     = @@character_set_client */;
/*!40101 SET character_set_client = utf8 */;
CREATE TABLE `auth_user_groups` (
  `id` int(11) NOT NULL AUTO_INCREMENT,
  `user_id` int(11) NOT NULL,
  `group_id` int(11) NOT NULL,
  PRIMARY KEY (`id`),
  UNIQUE KEY `auth_user_groups_user_id_group_id_94350c0c_uniq` (`user_id`,`group_id`),
  KEY `auth_user_groups_group_id_97559544_fk_auth_group_id` (`group_id`),
  CONSTRAINT `auth_user_groups_group_id_97559544_fk_auth_group_id` FOREIGN KEY (`group_id`) REFERENCES `auth_group` (`id`),
  CONSTRAINT `auth_user_groups_user_id_6a12ed8b_fk_auth_user_id` FOREIGN KEY (`user_id`) REFERENCES `auth_user` (`id`)
) ENGINE=InnoDB DEFAULT CHARSET=utf8;
/*!40101 SET character_set_client = @saved_cs_client */;

--
-- Dumping data for table `auth_user_groups`
--

LOCK TABLES `auth_user_groups` WRITE;
/*!40000 ALTER TABLE `auth_user_groups` DISABLE KEYS */;
/*!40000 ALTER TABLE `auth_user_groups` ENABLE KEYS */;
UNLOCK TABLES;

--
-- Table structure for table `auth_user_user_permissions`
--

DROP TABLE IF EXISTS `auth_user_user_permissions`;
/*!40101 SET @saved_cs_client     = @@character_set_client */;
/*!40101 SET character_set_client = utf8 */;
CREATE TABLE `auth_user_user_permissions` (
  `id` int(11) NOT NULL AUTO_INCREMENT,
  `user_id` int(11) NOT NULL,
  `permission_id` int(11) NOT NULL,
  PRIMARY KEY (`id`),
  UNIQUE KEY `auth_user_user_permissions_user_id_permission_id_14a6b632_uniq` (`user_id`,`permission_id`),
  KEY `auth_user_user_permi_permission_id_1fbb5f2c_fk_auth_perm` (`permission_id`),
  CONSTRAINT `auth_user_user_permi_permission_id_1fbb5f2c_fk_auth_perm` FOREIGN KEY (`permission_id`) REFERENCES `auth_permission` (`id`),
  CONSTRAINT `auth_user_user_permissions_user_id_a95ead1b_fk_auth_user_id` FOREIGN KEY (`user_id`) REFERENCES `auth_user` (`id`)
) ENGINE=InnoDB DEFAULT CHARSET=utf8;
/*!40101 SET character_set_client = @saved_cs_client */;

--
-- Dumping data for table `auth_user_user_permissions`
--

LOCK TABLES `auth_user_user_permissions` WRITE;
/*!40000 ALTER TABLE `auth_user_user_permissions` DISABLE KEYS */;
/*!40000 ALTER TABLE `auth_user_user_permissions` ENABLE KEYS */;
UNLOCK TABLES;

--
-- Table structure for table `django_admin_log`
--

DROP TABLE IF EXISTS `django_admin_log`;
/*!40101 SET @saved_cs_client     = @@character_set_client */;
/*!40101 SET character_set_client = utf8 */;
CREATE TABLE `django_admin_log` (
  `id` int(11) NOT NULL AUTO_INCREMENT,
  `action_time` datetime(6) NOT NULL,
  `object_id` longtext,
  `object_repr` varchar(200) NOT NULL,
  `action_flag` smallint(5) unsigned NOT NULL,
  `change_message` longtext NOT NULL,
  `content_type_id` int(11) DEFAULT NULL,
  `user_id` int(11) NOT NULL,
  PRIMARY KEY (`id`),
  KEY `django_admin_log_content_type_id_c4bce8eb_fk_django_co` (`content_type_id`),
  KEY `django_admin_log_user_id_c564eba6_fk` (`user_id`),
  CONSTRAINT `django_admin_log_content_type_id_c4bce8eb_fk_django_co` FOREIGN KEY (`content_type_id`) REFERENCES `django_content_type` (`id`),
  CONSTRAINT `django_admin_log_user_id_c564eba6_fk` FOREIGN KEY (`user_id`) REFERENCES `auth_user` (`id`)
) ENGINE=InnoDB AUTO_INCREMENT=1552 DEFAULT CHARSET=utf8;
/*!40101 SET character_set_client = @saved_cs_client */;

--
-- Dumping data for table `django_admin_log`
--

LOCK TABLES `django_admin_log` WRITE;
/*!40000 ALTER TABLE `django_admin_log` DISABLE KEYS */;
INSERT INTO `django_admin_log` VALUES (1,'2018-11-07 10:44:48.713395','1','Community object',1,'[{\"added\": {}}]',7,1),(2,'2018-11-07 10:46:07.811247','2','Community object',1,'[{\"added\": {}}]',7,1),(3,'2018-11-07 10:46:46.258083','3','Community object',1,'[{\"added\": {}}]',7,1),(4,'2018-11-07 10:47:21.429424','4','Community object',1,'[{\"added\": {}}]',7,1),(5,'2018-11-07 10:47:45.881078','5','Community object',1,'[{\"added\": {}}]',7,1),(6,'2018-11-07 10:48:10.361264','6','Community object',1,'[{\"added\": {}}]',7,1),(7,'2018-11-08 02:21:41.789487','1','青羊区',1,'[{\"added\": {}}]',16,1),(8,'2018-11-08 02:21:53.083308','2','金牛区',1,'[{\"added\": {}}]',16,1),(9,'2018-11-08 02:22:02.031423','3','锦江区',1,'[{\"added\": {}}]',16,1),(10,'2018-11-08 02:22:44.672100','4','天府新区',1,'[{\"added\": {}}]',16,1),(11,'2018-11-08 02:22:55.559674','5','温江区',1,'[{\"added\": {}}]',16,1),(12,'2018-11-08 02:23:04.354023','6','新都区',1,'[{\"added\": {}}]',16,1),(13,'2018-11-08 02:23:14.914851','7','高新区',1,'[{\"added\": {}}]',16,1),(14,'2018-11-08 02:24:15.824321','8','龙泉驿',1,'[{\"added\": {}}]',16,1),(15,'2018-11-08 02:25:25.569638','1','行业资讯',1,'[{\"added\": {}}]',15,1),(16,'2018-11-08 02:25:41.142419','2','吃在成都',1,'[{\"added\": {}}]',15,1),(17,'2018-11-08 02:25:49.658042','3','住在成都',1,'[{\"added\": {}}]',15,1),(18,'2018-11-08 02:26:05.271266','4','玩在成都',1,'[{\"added\": {}}]',15,1),(19,'2018-11-08 02:47:40.144315','1','地铁1号线',1,'[{\"added\": {}}]',12,1),(20,'2018-11-08 02:47:52.463113','2','地铁2号线',1,'[{\"added\": {}}]',12,1),(21,'2018-11-08 03:25:47.075025','1','天府软件园',1,'[{\"added\": {}}]',14,1),(22,'2018-11-08 03:33:40.494488','4','12',1,'[{\"added\": {}}]',7,1),(23,'2018-11-08 03:37:49.890328','2','大源',1,'[{\"added\": {}}]',14,1),(24,'2018-11-08 07:29:08.104819','8','12',1,'[{\"added\": {}}]',7,1),(25,'2018-11-08 07:29:20.729611','8','12',2,'[{\"changed\": {\"fields\": [\"traffic\"]}}]',7,1),(26,'2018-11-08 10:54:15.282633','3','府南新区',1,'[{\"added\": {}}]',14,1),(27,'2018-11-08 11:30:48.288519','4','12',2,'[{\"changed\": {\"fields\": [\"traffic\"]}}]',7,1),(28,'2018-11-08 11:44:11.132364','4','12',2,'[{\"changed\": {\"fields\": [\"block\"]}}]',7,1),(29,'2018-11-08 12:08:43.334319','8','123',2,'[{\"changed\": {\"fields\": [\"name\", \"region\", \"block\", \"address\", \"acreage\", \"park_space\", \"green_rate\", \"volume_rate\", \"build_type\", \"build_years\", \"build_area\", \"house_count\", \"property_type\", \"property_years\", \"property_company\", \"developers\", \"property_costs\", \"property_tel\", \"property_addr\", \"lat\", \"lon\"]}}]',7,1),(30,'2018-11-08 12:11:59.501381','8','123',2,'[]',7,1),(31,'2018-11-08 12:23:15.233770','9','2',1,'[{\"added\": {}}]',7,1),(32,'2018-11-08 12:23:21.735435','9','2',2,'[]',7,1),(33,'2018-11-08 12:23:29.178110','9','3',2,'[{\"changed\": {\"fields\": [\"name\"]}}]',7,1),(34,'2018-11-08 12:23:36.601144','9','2',2,'[{\"changed\": {\"fields\": [\"name\"]}}]',7,1),(35,'2018-11-08 12:23:48.577141','10','3',1,'[{\"added\": {}}]',7,1),(36,'2018-11-08 12:24:06.409094','11','4',1,'[{\"added\": {}}]',7,1),(37,'2018-11-08 12:24:24.219140','11','4',3,'',7,1),(38,'2018-11-08 12:24:24.229368','10','3',3,'',7,1),(39,'2018-11-08 12:24:24.246904','9','2',3,'',7,1),(40,'2018-11-08 12:24:24.253703','8','123',3,'',7,1),(41,'2018-11-08 12:24:24.259736','4','12',3,'',7,1),(42,'2018-11-09 02:07:05.922744','9','成华区',1,'[{\"added\": {}}]',16,1),(43,'2018-11-09 02:07:29.702576','3','府南新区',3,'',14,1),(44,'2018-11-09 02:07:29.716066','2','大源',3,'',14,1),(45,'2018-11-09 02:07:29.723368','1','天府软件园',3,'',14,1),(46,'2018-11-09 02:09:26.186709','4','建设路',1,'[{\"added\": {}}]',14,1),(47,'2018-11-09 02:09:32.835671','4','建设路',2,'[]',14,1),(48,'2018-11-09 02:09:51.892440','5','动物园',1,'[{\"added\": {}}]',14,1),(49,'2018-11-09 02:10:13.688441','6','驷马桥',1,'[{\"added\": {}}]',14,1),(50,'2018-11-09 02:11:15.886034','7','SM广场',1,'[{\"added\": {}}]',14,1),(51,'2018-11-09 02:11:39.732257','8','二仙桥',1,'[{\"added\": {}}]',14,1),(52,'2018-11-09 02:11:54.394842','9','猛追湾',1,'[{\"added\": {}}]',14,1),(53,'2018-11-09 02:12:10.752371','10','八里小区',1,'[{\"added\": {}}]',14,1),(54,'2018-11-09 02:12:24.612081','11','万年场',1,'[{\"added\": {}}]',14,1),(55,'2018-11-09 02:12:39.392552','12','府青路',1,'[{\"added\": {}}]',14,1),(56,'2018-11-09 02:12:51.976581','13','双林路',1,'[{\"added\": {}}]',14,1),(57,'2018-11-09 02:13:11.712032','14','新鸿路',1,'[{\"added\": {}}]',14,1),(58,'2018-11-09 02:13:26.122464','15','双桥子',1,'[{\"added\": {}}]',14,1),(59,'2018-11-09 02:13:40.762231','16','青龙场',1,'[{\"added\": {}}]',14,1),(60,'2018-11-09 02:13:53.601289','17','新华公园',1,'[{\"added\": {}}]',14,1),(61,'2018-11-09 02:14:08.041555','18','槐树店',1,'[{\"added\": {}}]',14,1),(62,'2018-11-09 02:14:21.551860','19','东风路',1,'[{\"added\": {}}]',14,1),(63,'2018-11-09 02:14:32.381478','20','成渝立交',1,'[{\"added\": {}}]',14,1),(64,'2018-11-09 02:14:45.649402','21','十里店',1,'[{\"added\": {}}]',14,1),(65,'2018-11-09 02:15:00.614483','22','龙潭寺',1,'[{\"added\": {}}]',14,1),(66,'2018-11-09 02:15:11.587583','23','火车东站',1,'[{\"added\": {}}]',14,1),(67,'2018-11-09 02:15:26.030717','24','五桂桥',1,'[{\"added\": {}}]',14,1),(68,'2018-11-09 02:15:38.907695','25','财富又一城',1,'[{\"added\": {}}]',14,1),(69,'2018-11-09 02:16:28.291161','26','杉板桥',1,'[{\"added\": {}}]',14,1),(70,'2018-11-09 02:16:41.398793','27','崔家店',1,'[{\"added\": {}}]',14,1),(71,'2018-11-09 02:16:49.302480','28','圣灯路',1,'[{\"added\": {}}]',14,1),(72,'2018-11-09 07:10:01.547393','13','龙泉驿',2,'[{\"changed\": {\"fields\": [\"status\"]}}]',16,1),(73,'2018-11-09 07:10:32.743315','12','高新西区',2,'[{\"changed\": {\"fields\": [\"status\"]}}]',16,1),(74,'2018-11-09 07:10:32.768553','11','高新区',2,'[{\"changed\": {\"fields\": [\"status\"]}}]',16,1),(75,'2018-11-09 07:10:32.799343','10','青羊',2,'[{\"changed\": {\"fields\": [\"status\"]}}]',16,1),(76,'2018-11-09 07:10:32.822119','9','锦江',2,'[{\"changed\": {\"fields\": [\"status\"]}}]',16,1),(77,'2018-11-09 07:10:32.846263','8','金牛',2,'[{\"changed\": {\"fields\": [\"status\"]}}]',16,1),(78,'2018-11-09 07:10:32.868020','7','郫县',2,'[{\"changed\": {\"fields\": [\"status\"]}}]',16,1),(79,'2018-11-09 07:10:32.893556','6','温江',2,'[{\"changed\": {\"fields\": [\"status\"]}}]',16,1),(80,'2018-11-09 07:10:32.914258','5','武侯',2,'[{\"changed\": {\"fields\": [\"status\"]}}]',16,1),(81,'2018-11-09 07:10:32.939661','4','新都',2,'[{\"changed\": {\"fields\": [\"status\"]}}]',16,1),(82,'2018-11-09 07:11:15.505991','3','成华',2,'[{\"changed\": {\"fields\": [\"status\"]}}]',16,1),(83,'2018-11-09 07:11:15.527107','2','天府新区',2,'[{\"changed\": {\"fields\": [\"status\"]}}]',16,1),(84,'2018-11-09 07:11:15.544309','1','双流',2,'[{\"changed\": {\"fields\": [\"status\"]}}]',16,1),(85,'2018-11-09 07:15:44.152263','198','龙舟路',2,'[{\"changed\": {\"fields\": [\"status\"]}}]',14,1),(86,'2018-11-09 07:15:44.247861','197','龙潭寺',2,'[{\"changed\": {\"fields\": [\"status\"]}}]',14,1),(87,'2018-11-09 07:15:44.309610','196','龙桥',2,'[{\"changed\": {\"fields\": [\"status\"]}}]',14,1),(88,'2018-11-09 07:15:44.397717','195','黄龙溪',2,'[{\"changed\": {\"fields\": [\"status\"]}}]',14,1),(89,'2018-11-09 07:15:44.454727','194','黄忠',2,'[{\"changed\": {\"fields\": [\"status\"]}}]',14,1),(90,'2018-11-09 07:15:44.506837','193','麓山',2,'[{\"changed\": {\"fields\": [\"status\"]}}]',14,1),(91,'2018-11-09 07:15:44.652037','192','高笋塘',2,'[{\"changed\": {\"fields\": [\"status\"]}}]',14,1),(92,'2018-11-09 07:15:44.711989','191','高攀路',2,'[{\"changed\": {\"fields\": [\"status\"]}}]',14,1),(93,'2018-11-09 07:15:44.788436','190','高升桥',2,'[{\"changed\": {\"fields\": [\"status\"]}}]',14,1),(94,'2018-11-09 07:15:44.853660','189','驷马桥',2,'[{\"changed\": {\"fields\": [\"status\"]}}]',14,1),(95,'2018-11-09 07:17:03.485198','188','马鞍路',2,'[{\"changed\": {\"fields\": [\"status\"]}}]',14,1),(96,'2018-11-09 07:17:03.747041','187','顺城街',2,'[{\"changed\": {\"fields\": [\"status\"]}}]',14,1),(97,'2018-11-09 07:17:03.774265','186','静居寺',2,'[{\"changed\": {\"fields\": [\"status\"]}}]',14,1),(98,'2018-11-09 07:17:03.797502','185','青龙场',2,'[{\"changed\": {\"fields\": [\"status\"]}}]',14,1),(99,'2018-11-09 07:17:03.825017','184','阳光城',2,'[{\"changed\": {\"fields\": [\"status\"]}}]',14,1),(100,'2018-11-09 07:17:03.842306','183','长顺街',2,'[{\"changed\": {\"fields\": [\"status\"]}}]',14,1),(101,'2018-11-09 07:17:03.860347','182','金马镇',2,'[{\"changed\": {\"fields\": [\"status\"]}}]',14,1),(102,'2018-11-09 07:18:01.251081','181','金融城',2,'[{\"changed\": {\"fields\": [\"status\"]}}]',14,1),(103,'2018-11-09 07:18:01.280173','180','金花镇',2,'[{\"changed\": {\"fields\": [\"status\"]}}]',14,1),(104,'2018-11-09 07:18:01.297194','179','金粮路',2,'[{\"changed\": {\"fields\": [\"status\"]}}]',14,1),(105,'2018-11-09 07:18:01.323324','178','金牛万达',2,'[{\"changed\": {\"fields\": [\"status\"]}}]',14,1),(106,'2018-11-09 07:18:01.343803','177','金沙',2,'[{\"changed\": {\"fields\": [\"status\"]}}]',14,1),(107,'2018-11-09 07:18:01.380625','176','郫筒',2,'[{\"changed\": {\"fields\": [\"status\"]}}]',14,1),(108,'2018-11-09 07:18:01.400278','175','踏水镇',2,'[{\"changed\": {\"fields\": [\"status\"]}}]',14,1),(109,'2018-11-09 07:18:01.419560','174','跳伞塔',2,'[{\"changed\": {\"fields\": [\"status\"]}}]',14,1),(110,'2018-11-09 07:18:01.439021','173','财富又一城',2,'[{\"changed\": {\"fields\": [\"status\"]}}]',14,1),(111,'2018-11-09 07:18:01.463221','172','贝森',2,'[{\"changed\": {\"fields\": [\"status\"]}}]',14,1),(112,'2018-11-09 07:18:16.509169','171','西源大道',2,'[{\"changed\": {\"fields\": [\"status\"]}}]',14,1),(113,'2018-11-09 07:18:16.518755','170','西月城街',2,'[{\"changed\": {\"fields\": [\"status\"]}}]',14,1),(114,'2018-11-09 07:18:16.533731','169','西南财大区',2,'[{\"changed\": {\"fields\": [\"status\"]}}]',14,1),(115,'2018-11-09 07:18:16.562054','168','衣冠庙',2,'[{\"changed\": {\"fields\": [\"status\"]}}]',14,1),(116,'2018-11-09 07:18:16.579820','167','蜀汉路',2,'[{\"changed\": {\"fields\": [\"status\"]}}]',14,1),(117,'2018-11-09 07:18:16.598300','166','蛟龙港',2,'[{\"changed\": {\"fields\": [\"status\"]}}]',14,1),(118,'2018-11-09 07:18:16.620737','165','营门口',2,'[{\"changed\": {\"fields\": [\"status\"]}}]',14,1),(119,'2018-11-09 07:18:16.638149','164','莲桂路',2,'[{\"changed\": {\"fields\": [\"status\"]}}]',14,1),(120,'2018-11-09 07:18:16.654244','163','荷花池',2,'[{\"changed\": {\"fields\": [\"status\"]}}]',14,1),(121,'2018-11-09 07:18:16.673827','162','草市街',2,'[{\"changed\": {\"fields\": [\"status\"]}}]',14,1),(122,'2018-11-09 07:18:34.184367','161','草堂',2,'[{\"changed\": {\"fields\": [\"status\"]}}]',14,1),(123,'2018-11-09 07:18:34.201608','160','茶店子',2,'[{\"changed\": {\"fields\": [\"status\"]}}]',14,1),(124,'2018-11-09 07:18:34.219977','159','芳草街',2,'[{\"changed\": {\"fields\": [\"status\"]}}]',14,1),(125,'2018-11-09 07:18:34.236633','158','芳草',2,'[{\"changed\": {\"fields\": [\"status\"]}}]',14,1),(126,'2018-11-09 07:18:34.253170','157','花牌坊',2,'[{\"changed\": {\"fields\": [\"status\"]}}]',14,1),(127,'2018-11-09 07:18:34.270198','156','航空路',2,'[{\"changed\": {\"fields\": [\"status\"]}}]',14,1),(128,'2018-11-09 07:18:34.286671','155','航空港',2,'[{\"changed\": {\"fields\": [\"status\"]}}]',14,1),(129,'2018-11-09 07:18:34.302647','154','航天片区',2,'[{\"changed\": {\"fields\": [\"status\"]}}]',14,1),(130,'2018-11-09 07:18:34.320261','153','肖家河',2,'[{\"changed\": {\"fields\": [\"status\"]}}]',14,1),(131,'2018-11-09 07:18:34.334127','152','美年广场',2,'[{\"changed\": {\"fields\": [\"status\"]}}]',14,1),(132,'2018-11-09 07:18:52.170171','151','红牌楼',2,'[{\"changed\": {\"fields\": [\"status\"]}}]',14,1),(133,'2018-11-09 07:18:52.188231','150','红星路',2,'[{\"changed\": {\"fields\": [\"status\"]}}]',14,1),(134,'2018-11-09 07:18:52.203087','149','红光',2,'[{\"changed\": {\"fields\": [\"status\"]}}]',14,1),(135,'2018-11-09 07:18:52.219434','148','紫荆',2,'[{\"changed\": {\"fields\": [\"status\"]}}]',14,1),(136,'2018-11-09 07:18:52.234279','147','簇桥',2,'[{\"changed\": {\"fields\": [\"status\"]}}]',14,1),(137,'2018-11-09 07:18:52.245269','146','科华路',2,'[{\"changed\": {\"fields\": [\"status\"]}}]',14,1),(138,'2018-11-09 07:18:52.267953','145','神仙树',2,'[{\"changed\": {\"fields\": [\"status\"]}}]',14,1),(139,'2018-11-09 07:18:52.281239','144','磨子桥',2,'[{\"changed\": {\"fields\": [\"status\"]}}]',14,1),(140,'2018-11-09 07:18:52.293504','143','石板滩',2,'[{\"changed\": {\"fields\": [\"status\"]}}]',14,1),(141,'2018-11-09 07:18:52.307295','142','石人',2,'[{\"changed\": {\"fields\": [\"status\"]}}]',14,1),(142,'2018-11-09 07:19:06.393852','141','盐市口',2,'[{\"changed\": {\"fields\": [\"status\"]}}]',14,1),(143,'2018-11-09 07:19:06.409735','140','百草路',2,'[{\"changed\": {\"fields\": [\"status\"]}}]',14,1),(144,'2018-11-09 07:19:06.424755','139','白果林',2,'[{\"changed\": {\"fields\": [\"status\"]}}]',14,1),(145,'2018-11-09 07:19:06.451010','138','白家',2,'[{\"changed\": {\"fields\": [\"status\"]}}]',14,1),(146,'2018-11-09 07:19:06.466382','137','琉璃厂',2,'[{\"changed\": {\"fields\": [\"status\"]}}]',14,1),(147,'2018-11-09 07:19:06.478355','136','理想中心',2,'[{\"changed\": {\"fields\": [\"status\"]}}]',14,1),(148,'2018-11-09 07:19:06.493464','135','玉林',2,'[{\"changed\": {\"fields\": [\"status\"]}}]',14,1),(149,'2018-11-09 07:19:06.513154','134','猛追湾',2,'[{\"changed\": {\"fields\": [\"status\"]}}]',14,1),(150,'2018-11-09 07:19:06.529755','133','犀浦',2,'[{\"changed\": {\"fields\": [\"status\"]}}]',14,1),(151,'2018-11-09 07:19:06.547545','132','牧马山',2,'[{\"changed\": {\"fields\": [\"status\"]}}]',14,1),(152,'2018-11-09 07:19:24.340281','131','牛王庙',2,'[{\"changed\": {\"fields\": [\"status\"]}}]',14,1),(153,'2018-11-09 07:19:24.361810','130','牛沙路',2,'[{\"changed\": {\"fields\": [\"status\"]}}]',14,1),(154,'2018-11-09 07:19:24.378597','129','牛市口',2,'[{\"changed\": {\"fields\": [\"status\"]}}]',14,1),(155,'2018-11-09 07:19:24.416082','128','火车南站',2,'[{\"changed\": {\"fields\": [\"status\"]}}]',14,1),(156,'2018-11-09 07:19:24.447165','127','火车北站',2,'[{\"changed\": {\"fields\": [\"status\"]}}]',14,1),(157,'2018-11-09 07:19:24.464388','126','火车东站',2,'[{\"changed\": {\"fields\": [\"status\"]}}]',14,1),(158,'2018-11-09 07:19:24.488145','125','滨河片区',2,'[{\"changed\": {\"fields\": [\"status\"]}}]',14,1),(159,'2018-11-09 07:19:24.507959','124','温江城区',2,'[{\"changed\": {\"fields\": [\"status\"]}}]',14,1),(160,'2018-11-09 07:19:24.526662','123','清水河',2,'[{\"changed\": {\"fields\": [\"status\"]}}]',14,1),(161,'2018-11-09 07:19:24.548488','122','海椒市',2,'[{\"changed\": {\"fields\": [\"status\"]}}]',14,1),(162,'2018-11-09 07:19:39.551069','121','浣花小区',2,'[{\"changed\": {\"fields\": [\"status\"]}}]',14,1),(163,'2018-11-09 07:19:39.570127','120','洪河镇',2,'[{\"changed\": {\"fields\": [\"status\"]}}]',14,1),(164,'2018-11-09 07:19:39.596597','119','洗面桥',2,'[{\"changed\": {\"fields\": [\"status\"]}}]',14,1),(165,'2018-11-09 07:19:39.617768','118','泰兴',2,'[{\"changed\": {\"fields\": [\"status\"]}}]',14,1),(166,'2018-11-09 07:19:39.649835','117','沙湾',2,'[{\"changed\": {\"fields\": [\"status\"]}}]',14,1),(167,'2018-11-09 07:19:39.680280','116','沙河源',2,'[{\"changed\": {\"fields\": [\"status\"]}}]',14,1),(168,'2018-11-09 07:19:39.702805','115','沙河堡',2,'[{\"changed\": {\"fields\": [\"status\"]}}]',14,1),(169,'2018-11-09 07:19:39.733134','114','永宁镇',2,'[{\"changed\": {\"fields\": [\"status\"]}}]',14,1),(170,'2018-11-09 07:19:39.762412','113','水碾河',2,'[{\"changed\": {\"fields\": [\"status\"]}}]',14,1),(171,'2018-11-09 07:19:39.788295','112','武阳大道',2,'[{\"changed\": {\"fields\": [\"status\"]}}]',14,1),(172,'2018-11-09 07:20:05.171039','111','武侯祠大街',2,'[{\"changed\": {\"fields\": [\"status\"]}}]',14,1),(173,'2018-11-09 07:20:05.189650','110','欢乐谷',2,'[{\"changed\": {\"fields\": [\"status\"]}}]',14,1),(174,'2018-11-09 07:20:05.207925','109','槐树店',2,'[{\"changed\": {\"fields\": [\"status\"]}}]',14,1),(175,'2018-11-09 07:20:05.224790','108','棕南',2,'[{\"changed\": {\"fields\": [\"status\"]}}]',14,1),(176,'2018-11-09 07:20:05.241129','107','棕北',2,'[{\"changed\": {\"fields\": [\"status\"]}}]',14,1),(177,'2018-11-09 07:20:05.256539','106','梁家巷',2,'[{\"changed\": {\"fields\": [\"status\"]}}]',14,1),(178,'2018-11-09 07:20:05.274956','105','桐梓林',2,'[{\"changed\": {\"fields\": [\"status\"]}}]',14,1),(179,'2018-11-09 07:20:05.292360','104','杨柳河',2,'[{\"changed\": {\"fields\": [\"status\"]}}]',14,1),(180,'2018-11-09 07:20:05.307127','103','李家沱',2,'[{\"changed\": {\"fields\": [\"status\"]}}]',14,1),(181,'2018-11-09 07:20:05.327070','102','杉板桥',2,'[{\"changed\": {\"fields\": [\"status\"]}}]',14,1),(182,'2018-11-09 07:20:22.379287','101','机投镇',2,'[{\"changed\": {\"fields\": [\"status\"]}}]',14,1),(183,'2018-11-09 07:20:22.392007','100','木兰',2,'[{\"changed\": {\"fields\": [\"status\"]}}]',14,1),(184,'2018-11-09 07:20:22.408672','99','望江路',2,'[{\"changed\": {\"fields\": [\"status\"]}}]',14,1),(185,'2018-11-09 07:20:22.421152','98','春熙路',2,'[{\"changed\": {\"fields\": [\"status\"]}}]',14,1),(186,'2018-11-09 07:20:22.454478','97','新鸿路',2,'[{\"changed\": {\"fields\": [\"status\"]}}]',14,1),(187,'2018-11-09 07:20:22.471779','96','新都老城区',2,'[{\"changed\": {\"fields\": [\"status\"]}}]',14,1),(188,'2018-11-09 07:20:22.489168','95','新都新城区',2,'[{\"changed\": {\"fields\": [\"status\"]}}]',14,1),(189,'2018-11-09 07:20:22.502337','94','新繁',2,'[{\"changed\": {\"fields\": [\"status\"]}}]',14,1),(190,'2018-11-09 07:20:22.516853','93','新民场',2,'[{\"changed\": {\"fields\": [\"status\"]}}]',14,1),(191,'2018-11-09 07:20:22.532437','92','新民',2,'[{\"changed\": {\"fields\": [\"status\"]}}]',14,1),(192,'2018-11-09 07:20:36.592791','91','新双楠',2,'[{\"changed\": {\"fields\": [\"status\"]}}]',14,1),(193,'2018-11-09 07:20:36.610821','90','新南门',2,'[{\"changed\": {\"fields\": [\"status\"]}}]',14,1),(194,'2018-11-09 07:20:36.628108','89','新华公园',2,'[{\"changed\": {\"fields\": [\"status\"]}}]',14,1),(195,'2018-11-09 07:20:36.648352','88','斑竹园',2,'[{\"changed\": {\"fields\": [\"status\"]}}]',14,1),(196,'2018-11-09 07:20:36.671097','87','文殊坊',2,'[{\"changed\": {\"fields\": [\"status\"]}}]',14,1),(197,'2018-11-09 07:20:36.692870','86','文星',2,'[{\"changed\": {\"fields\": [\"status\"]}}]',14,1),(198,'2018-11-09 07:20:36.709044','85','攀成钢',2,'[{\"changed\": {\"fields\": [\"status\"]}}]',14,1),(199,'2018-11-09 07:20:36.733119','84','抚琴小区',2,'[{\"changed\": {\"fields\": [\"status\"]}}]',14,1),(200,'2018-11-09 07:20:36.758301','83','成渝立交',2,'[{\"changed\": {\"fields\": [\"status\"]}}]',14,1),(201,'2018-11-09 07:20:36.769805','82','成仁路',2,'[{\"changed\": {\"fields\": [\"status\"]}}]',14,1),(202,'2018-11-09 07:20:50.817861','81','恒大绿洲',2,'[{\"changed\": {\"fields\": [\"status\"]}}]',14,1),(203,'2018-11-09 07:20:50.832346','80','总站片区',2,'[{\"changed\": {\"fields\": [\"status\"]}}]',14,1),(204,'2018-11-09 07:20:50.847161','79','德源',2,'[{\"changed\": {\"fields\": [\"status\"]}}]',14,1),(205,'2018-11-09 07:20:50.864206','78','彭镇',2,'[{\"changed\": {\"fields\": [\"status\"]}}]',14,1),(206,'2018-11-09 07:20:50.879315','77','建设路',2,'[{\"changed\": {\"fields\": [\"status\"]}}]',14,1),(207,'2018-11-09 07:20:50.895737','76','府青路',2,'[{\"changed\": {\"fields\": [\"status\"]}}]',14,1),(208,'2018-11-09 07:20:50.913151','75','府南新区',2,'[{\"changed\": {\"fields\": [\"status\"]}}]',14,1),(209,'2018-11-09 07:20:50.944034','74','广福桥',2,'[{\"changed\": {\"fields\": [\"status\"]}}]',14,1),(210,'2018-11-09 07:20:50.966624','73','川音',2,'[{\"changed\": {\"fields\": [\"status\"]}}]',14,1),(211,'2018-11-09 07:20:51.006258','72','川师',2,'[{\"changed\": {\"fields\": [\"status\"]}}]',14,1),(212,'2018-11-09 07:21:10.330592','71','川大',2,'[{\"changed\": {\"fields\": [\"status\"]}}]',14,1),(213,'2018-11-09 07:21:10.353821','70','崔家店',2,'[{\"changed\": {\"fields\": [\"status\"]}}]',14,1),(214,'2018-11-09 07:21:10.369697','69','小天竺街',2,'[{\"changed\": {\"fields\": [\"status\"]}}]',14,1),(215,'2018-11-09 07:21:10.389855','68','安靖',2,'[{\"changed\": {\"fields\": [\"status\"]}}]',14,1),(216,'2018-11-09 07:21:10.405091','67','安德',2,'[{\"changed\": {\"fields\": [\"status\"]}}]',14,1),(217,'2018-11-09 07:21:10.419234','66','孵化园',2,'[{\"changed\": {\"fields\": [\"status\"]}}]',14,1),(218,'2018-11-09 07:21:10.440612','65','太升路',2,'[{\"changed\": {\"fields\": [\"status\"]}}]',14,1),(219,'2018-11-09 07:21:10.456700','64','天府长城',2,'[{\"changed\": {\"fields\": [\"status\"]}}]',14,1),(220,'2018-11-09 07:21:10.473779','63','天府广场',2,'[{\"changed\": {\"fields\": [\"status\"]}}]',14,1),(221,'2018-11-09 07:21:10.490087','62','大面镇',2,'[{\"changed\": {\"fields\": [\"status\"]}}]',14,1),(222,'2018-11-09 07:21:23.010176','61','大观',2,'[{\"changed\": {\"fields\": [\"status\"]}}]',14,1),(223,'2018-11-09 07:21:23.025781','60','大石西路',2,'[{\"changed\": {\"fields\": [\"status\"]}}]',14,1),(224,'2018-11-09 07:21:23.042834','59','大源村',2,'[{\"changed\": {\"fields\": [\"status\"]}}]',14,1),(225,'2018-11-09 07:21:23.057975','58','大丰',2,'[{\"changed\": {\"fields\": [\"status\"]}}]',14,1),(226,'2018-11-09 07:21:23.074432','57','外金沙',2,'[{\"changed\": {\"fields\": [\"status\"]}}]',14,1),(227,'2018-11-09 07:21:23.091973','56','外双楠',2,'[{\"changed\": {\"fields\": [\"status\"]}}]',14,1),(228,'2018-11-09 07:21:23.108792','55','外光华',2,'[{\"changed\": {\"fields\": [\"status\"]}}]',14,1),(229,'2018-11-09 07:21:23.126143','54','圣灯路',2,'[{\"changed\": {\"fields\": [\"status\"]}}]',14,1),(230,'2018-11-09 07:21:23.140521','53','国宾',2,'[{\"changed\": {\"fields\": [\"status\"]}}]',14,1),(231,'2018-11-09 07:21:23.151592','52','团结',2,'[{\"changed\": {\"fields\": [\"status\"]}}]',14,1),(232,'2018-11-09 07:21:37.166463','51','商业片区',2,'[{\"changed\": {\"fields\": [\"status\"]}}]',14,1),(233,'2018-11-09 07:21:37.181145','50','唐昌',2,'[{\"changed\": {\"fields\": [\"status\"]}}]',14,1),(234,'2018-11-09 07:21:37.196958','49','唐元',2,'[{\"changed\": {\"fields\": [\"status\"]}}]',14,1),(235,'2018-11-09 07:21:37.210275','48','同仁路',2,'[{\"changed\": {\"fields\": [\"status\"]}}]',14,1),(236,'2018-11-09 07:21:37.225050','47','合江亭',2,'[{\"changed\": {\"fields\": [\"status\"]}}]',14,1),(237,'2018-11-09 07:21:37.244888','46','古城',2,'[{\"changed\": {\"fields\": [\"status\"]}}]',14,1),(238,'2018-11-09 07:21:37.258146','45','双桥子',2,'[{\"changed\": {\"fields\": [\"status\"]}}]',14,1),(239,'2018-11-09 07:21:37.270633','44','双林路',2,'[{\"changed\": {\"fields\": [\"status\"]}}]',14,1),(240,'2018-11-09 07:21:37.289055','43','友爱',2,'[{\"changed\": {\"fields\": [\"status\"]}}]',14,1),(241,'2018-11-09 07:21:37.302853','42','南苑',2,'[{\"changed\": {\"fields\": [\"status\"]}}]',14,1),(242,'2018-11-09 07:21:50.000253','41','南熏大道',2,'[{\"changed\": {\"fields\": [\"status\"]}}]',14,1),(243,'2018-11-09 07:21:50.020057','40','南湖公园',2,'[{\"changed\": {\"fields\": [\"status\"]}}]',14,1),(244,'2018-11-09 07:21:50.039251','39','南延线',2,'[{\"changed\": {\"fields\": [\"status\"]}}]',14,1),(245,'2018-11-09 07:21:50.053663','38','华阳',2,'[{\"changed\": {\"fields\": [\"status\"]}}]',14,1),(246,'2018-11-09 07:21:50.066204','37','华府',2,'[{\"changed\": {\"fields\": [\"status\"]}}]',14,1),(247,'2018-11-09 07:21:50.078668','36','十陵镇',2,'[{\"changed\": {\"fields\": [\"status\"]}}]',14,1),(248,'2018-11-09 07:21:50.092680','35','十里店',2,'[{\"changed\": {\"fields\": [\"status\"]}}]',14,1),(249,'2018-11-09 07:21:50.109118','34','北部新城',2,'[{\"changed\": {\"fields\": [\"status\"]}}]',14,1),(250,'2018-11-09 07:21:50.123511','33','动物园',2,'[{\"changed\": {\"fields\": [\"status\"]}}]',14,1),(251,'2018-11-09 07:21:50.137865','32','内双楠',2,'[{\"changed\": {\"fields\": [\"status\"]}}]',14,1),(252,'2018-11-09 07:22:03.747754','31','内光华',2,'[{\"changed\": {\"fields\": [\"status\"]}}]',14,1),(253,'2018-11-09 07:22:03.763037','30','公平镇',2,'[{\"changed\": {\"fields\": [\"status\"]}}]',14,1),(254,'2018-11-09 07:22:03.780497','29','八里小区',2,'[{\"changed\": {\"fields\": [\"status\"]}}]',14,1),(255,'2018-11-09 07:22:03.789955','28','八宝街',2,'[{\"changed\": {\"fields\": [\"status\"]}}]',14,1),(256,'2018-11-09 07:22:03.801135','27','光华大道',2,'[{\"changed\": {\"fields\": [\"status\"]}}]',14,1),(257,'2018-11-09 07:22:03.816209','26','人民北路',2,'[{\"changed\": {\"fields\": [\"status\"]}}]',14,1),(258,'2018-11-09 07:22:03.830947','25','人民公园',2,'[{\"changed\": {\"fields\": [\"status\"]}}]',14,1),(259,'2018-11-09 07:22:03.846947','24','交大路',2,'[{\"changed\": {\"fields\": [\"status\"]}}]',14,1),(260,'2018-11-09 07:22:03.858550','23','五桂桥',2,'[{\"changed\": {\"fields\": [\"status\"]}}]',14,1),(261,'2018-11-09 07:22:03.870926','22','五大花园',2,'[{\"changed\": {\"fields\": [\"status\"]}}]',14,1),(262,'2018-11-09 07:22:17.820493','21','五块石',2,'[{\"changed\": {\"fields\": [\"status\"]}}]',14,1),(263,'2018-11-09 07:22:17.844236','20','二仙桥',2,'[{\"changed\": {\"fields\": [\"status\"]}}]',14,1),(264,'2018-11-09 07:22:17.859174','19','九里堤',2,'[{\"changed\": {\"fields\": [\"status\"]}}]',14,1),(265,'2018-11-09 07:22:17.879668','18','九眼桥',2,'[{\"changed\": {\"fields\": [\"status\"]}}]',14,1),(266,'2018-11-09 07:22:17.894477','17','中海国际',2,'[{\"changed\": {\"fields\": [\"status\"]}}]',14,1),(267,'2018-11-09 07:22:17.913791','16','中和镇',2,'[{\"changed\": {\"fields\": [\"status\"]}}]',14,1),(268,'2018-11-09 07:22:17.930118','15','中医附院',2,'[{\"changed\": {\"fields\": [\"status\"]}}]',14,1),(269,'2018-11-09 07:22:17.949850','14','东风路',2,'[{\"changed\": {\"fields\": [\"status\"]}}]',14,1),(270,'2018-11-09 07:22:17.975866','13','东教场',2,'[{\"changed\": {\"fields\": [\"status\"]}}]',14,1),(271,'2018-11-09 07:22:17.991857','12','东大街',2,'[{\"changed\": {\"fields\": [\"status\"]}}]',14,1),(272,'2018-11-09 07:22:38.787786','11','东升镇',2,'[{\"changed\": {\"fields\": [\"status\"]}}]',14,1),(273,'2018-11-09 07:22:38.803541','10','东光小区',2,'[{\"changed\": {\"fields\": [\"status\"]}}]',14,1),(274,'2018-11-09 07:22:38.819086','9','世纪城',2,'[{\"changed\": {\"fields\": [\"status\"]}}]',14,1),(275,'2018-11-09 07:22:38.833514','8','三道堰',2,'[{\"changed\": {\"fields\": [\"status\"]}}]',14,1),(276,'2018-11-09 07:22:38.848434','7','三河',2,'[{\"changed\": {\"fields\": [\"status\"]}}]',14,1),(277,'2018-11-09 07:22:38.859169','6','三圣乡',2,'[{\"changed\": {\"fields\": [\"status\"]}}]',14,1),(278,'2018-11-09 07:22:38.873674','5','万达',2,'[{\"changed\": {\"fields\": [\"status\"]}}]',14,1),(279,'2018-11-09 07:22:38.888937','4','万春镇',2,'[{\"changed\": {\"fields\": [\"status\"]}}]',14,1),(280,'2018-11-09 07:22:38.903989','3','万年场',2,'[{\"changed\": {\"fields\": [\"status\"]}}]',14,1),(281,'2018-11-09 07:22:38.918749','2','一品天下',2,'[{\"changed\": {\"fields\": [\"status\"]}}]',14,1),(282,'2018-11-09 07:22:38.928903','1','SM广场',2,'[{\"changed\": {\"fields\": [\"status\"]}}]',14,1),(283,'2018-11-09 07:30:31.349177','2','天府新区',2,'[{\"changed\": {\"fields\": [\"sort\"]}}]',16,1),(284,'2018-11-20 02:41:58.520979','11719','金河路63号新1号院',2,'[{\"changed\": {\"fields\": [\"traffic\"]}}]',7,1),(285,'2018-11-20 02:55:09.831578','12','衣柜',2,'[{\"changed\": {\"fields\": [\"imgurl\"]}}]',11,1),(286,'2018-11-20 02:56:39.672824','12','衣柜',2,'[{\"changed\": {\"fields\": [\"imgurl\"]}}]',11,1),(287,'2018-11-20 03:02:17.606460','2','WIFI',2,'[{\"changed\": {\"fields\": [\"name\", \"imgurl\"]}}]',11,1),(288,'2018-11-20 03:03:12.970261','7','热水器',2,'[{\"changed\": {\"fields\": [\"imgurl\"]}}]',11,1),(289,'2018-11-20 03:03:50.188690','1','冰箱',2,'[{\"changed\": {\"fields\": [\"imgurl\"]}}]',11,1),(290,'2018-11-20 03:07:36.844971','12','衣柜',3,'',11,1),(291,'2018-11-20 03:07:36.860063','11','电视',3,'',11,1),(292,'2018-11-20 03:07:36.868202','10','沙发',3,'',11,1),(293,'2018-11-20 03:07:36.873060','9','床',3,'',11,1),(294,'2018-11-20 03:07:36.888668','8','空调',3,'',11,1),(295,'2018-11-20 03:07:36.897273','7','热水器',3,'',11,1),(296,'2018-11-20 03:07:36.904430','6','洗衣机',3,'',11,1),(297,'2018-11-20 03:07:36.913450','5','独立卫生间',3,'',11,1),(298,'2018-11-20 03:07:36.920562','4','阳台',3,'',11,1),(299,'2018-11-20 03:07:36.928239','3','暖气',3,'',11,1),(300,'2018-11-20 03:07:36.935793','2','WIFI',3,'',11,1),(301,'2018-11-20 03:07:36.939118','1','冰箱',3,'',11,1),(302,'2018-11-20 03:40:25.706330','1','冰箱',2,'[{\"changed\": {\"fields\": [\"imgurl\"]}}]',11,1),(303,'2018-11-20 03:40:54.319326','2','宽带',2,'[{\"changed\": {\"fields\": [\"imgurl\"]}}]',11,1),(304,'2018-11-20 03:41:42.385745','4','阳台',2,'[{\"changed\": {\"fields\": [\"imgurl\"]}}]',11,1),(305,'2018-11-20 03:42:01.135986','5','独立卫生间',2,'[{\"changed\": {\"fields\": [\"imgurl\"]}}]',11,1),(306,'2018-11-20 03:42:13.102872','6','洗衣机',2,'[{\"changed\": {\"fields\": [\"imgurl\"]}}]',11,1),(307,'2018-11-20 03:42:23.433419','7','热水器',2,'[{\"changed\": {\"fields\": [\"imgurl\"]}}]',11,1),(308,'2018-11-20 03:42:36.759928','8','空调',2,'[{\"changed\": {\"fields\": [\"imgurl\"]}}]',11,1),(309,'2018-11-20 03:42:47.562476','9','床',2,'[{\"changed\": {\"fields\": [\"imgurl\"]}}]',11,1),(310,'2018-11-20 03:42:57.642369','10','沙发',2,'[{\"changed\": {\"fields\": [\"imgurl\"]}}]',11,1),(311,'2018-11-20 03:43:13.075222','11','电视',2,'[{\"changed\": {\"fields\": [\"imgurl\"]}}]',11,1),(312,'2018-11-20 03:43:33.000143','12','衣柜',2,'[{\"changed\": {\"fields\": [\"imgurl\"]}}]',11,1),(313,'2018-11-20 03:43:43.852087','3','暖气',2,'[{\"changed\": {\"fields\": [\"imgurl\"]}}]',11,1),(314,'2018-11-20 03:48:01.501471','1','冰箱',2,'[{\"changed\": {\"fields\": [\"imgurl\"]}}]',11,1),(315,'2018-11-20 03:52:28.101592','1','冰箱',2,'[{\"changed\": {\"fields\": [\"imgurl\"]}}]',11,1),(316,'2018-11-20 03:53:46.476722','1','冰箱',2,'[{\"changed\": {\"fields\": [\"imgurl\"]}}]',11,1),(317,'2018-11-20 03:54:23.858334','2','宽带',2,'[{\"changed\": {\"fields\": [\"imgurl\"]}}]',11,1),(318,'2018-11-20 03:54:50.565087','12','衣柜',2,'[{\"changed\": {\"fields\": [\"imgurl\"]}}]',11,1),(319,'2018-11-20 03:55:03.340351','11','电视',2,'[{\"changed\": {\"fields\": [\"imgurl\"]}}]',11,1),(320,'2018-11-20 03:55:23.297867','10','沙发',2,'[{\"changed\": {\"fields\": [\"imgurl\"]}}]',11,1),(321,'2018-11-20 03:55:36.786159','9','床',2,'[{\"changed\": {\"fields\": [\"imgurl\"]}}]',11,1),(322,'2018-11-20 03:55:46.557357','8','空调',2,'[{\"changed\": {\"fields\": [\"imgurl\"]}}]',11,1),(323,'2018-11-20 03:56:06.292397','7','热水器',2,'[{\"changed\": {\"fields\": [\"imgurl\"]}}]',11,1),(324,'2018-11-20 04:08:39.446752','12','衣柜',2,'[{\"changed\": {\"fields\": [\"imgurl\"]}}]',11,1),(325,'2018-11-20 04:08:56.683419','11','电视',2,'[{\"changed\": {\"fields\": [\"imgurl\"]}}]',11,1),(326,'2018-11-20 04:09:09.697272','10','沙发',2,'[{\"changed\": {\"fields\": [\"imgurl\"]}}]',11,1),(327,'2018-11-20 04:09:22.587416','9','床',2,'[{\"changed\": {\"fields\": [\"imgurl\"]}}]',11,1),(328,'2018-11-20 04:09:35.678978','8','空调',2,'[{\"changed\": {\"fields\": [\"imgurl\"]}}]',11,1),(329,'2018-11-20 04:09:46.597590','7','热水器',2,'[{\"changed\": {\"fields\": [\"imgurl\"]}}]',11,1),(330,'2018-11-20 04:09:55.137741','6','洗衣机',2,'[{\"changed\": {\"fields\": [\"imgurl\"]}}]',11,1),(331,'2018-11-20 04:10:03.990671','5','独立卫生间',2,'[{\"changed\": {\"fields\": [\"imgurl\"]}}]',11,1),(332,'2018-11-20 04:10:14.086274','4','阳台',2,'[{\"changed\": {\"fields\": [\"imgurl\"]}}]',11,1),(333,'2018-11-20 04:10:22.252392','3','暖气',2,'[{\"changed\": {\"fields\": [\"imgurl\"]}}]',11,1),(334,'2018-11-20 04:10:43.753525','2','宽带',2,'[{\"changed\": {\"fields\": [\"imgurl\"]}}]',11,1),(335,'2018-11-20 04:11:00.699734','1','冰箱',2,'[{\"changed\": {\"fields\": [\"imgurl\"]}}]',11,1),(336,'2018-11-20 05:04:30.145888','9245','银桦苑',3,'',7,1),(337,'2018-11-20 05:04:30.180365','11188','12南街7号院',3,'',7,1),(338,'2018-11-20 05:04:30.191752','4221','山南家园',3,'',7,1),(339,'2018-11-20 05:04:30.196545','5211','金牛机关宿舍',3,'',7,1),(340,'2018-11-20 05:04:30.205939','3096','一品天下A区',3,'',7,1),(341,'2018-11-20 05:04:30.210369','8844','西城会馆',3,'',7,1),(342,'2018-11-20 05:04:30.217262','4319','西城公馆',3,'',7,1),(343,'2018-11-20 05:04:30.226237','4220','锦城花园',3,'',7,1),(344,'2018-11-20 05:04:30.231266','10343','中铁堰澜山(别墅)',3,'',7,1),(345,'2018-11-20 05:04:30.241627','7792','中铁堰澜山',3,'',7,1),(346,'2018-11-20 05:05:37.581956','2496','103厂宿舍',3,'',7,1),(347,'2018-11-20 05:05:37.595590','7508','10号大院',3,'',7,1),(348,'2018-11-20 05:05:37.600245','5815','141大院',3,'',7,1),(349,'2018-11-20 05:05:37.610613','6067','16中教师公寓',3,'',7,1),(350,'2018-11-20 05:05:37.617943','3445','1958青年公馆',3,'',7,1),(351,'2018-11-20 05:05:37.625887','5265','199号2幢大宅院',3,'',7,1),(352,'2018-11-20 05:05:37.632055','2501','348厂家属区',3,'',7,1),(353,'2018-11-20 05:05:37.638928','202','35号信箱宿舍',3,'',7,1),(354,'2018-11-20 05:05:37.671906','11187','363医院单位职工楼',3,'',7,1),(355,'2018-11-20 05:05:37.696731','5395','38号大院',3,'',7,1),(356,'2018-11-20 05:06:35.884268','4795','3HOUSE',3,'',7,1),(357,'2018-11-20 05:06:35.992772','467','402地质家属区',3,'',7,1),(358,'2018-11-20 05:06:36.014409','1847','416医院宿舍',3,'',7,1),(359,'2018-11-20 05:06:36.023780','1671','420厂宿舍',3,'',7,1),(360,'2018-11-20 05:06:36.037042','6437','51号院',3,'',7,1),(361,'2018-11-20 05:06:36.060685','9079','52号大院',3,'',7,1),(362,'2018-11-20 05:06:36.074801','6439','6号信箱',3,'',7,1),(363,'2018-11-20 05:06:36.088402','10925','701厂宿舍',3,'',7,1),(364,'2018-11-20 05:06:36.104186','1023','7322工厂宿舍',3,'',7,1),(365,'2018-11-20 05:06:36.140228','4460','78号观邸',3,'',7,1),(366,'2018-11-20 05:08:45.178815','1552','龙锦花苑',3,'',7,1),(367,'2018-11-20 05:08:45.276425','2113','龙锦湾',3,'',7,1),(368,'2018-11-20 05:08:45.298844','2664','龙锦',3,'',7,1),(369,'2018-11-20 05:08:45.315689','5624','龙都国际',3,'',7,1),(370,'2018-11-20 05:08:45.329703','1791','龙跃公寓',3,'',7,1),(371,'2018-11-20 05:08:45.347539','5574','龙翔综合楼',3,'',7,1),(372,'2018-11-20 05:08:45.370110','4940','龙祥苑',3,'',7,1),(373,'2018-11-20 05:08:45.378347','5528','龙湖三千庭',3,'',7,1),(374,'2018-11-20 05:08:45.386034','5608','龙泉驿区计经局宿舍',3,'',7,1),(375,'2018-11-20 05:08:45.395388','5630','龙泉驿区审计局宿舍',3,'',7,1),(376,'2018-11-20 05:10:18.422403','10805','龙泉驿区人民政府办公室宿舍',3,'',7,1),(377,'2018-11-20 05:10:18.475438','5470','龙泉阳光假日体育城',3,'',7,1),(378,'2018-11-20 05:10:18.480715','986','龙泉花园',3,'',7,1),(379,'2018-11-20 05:10:18.492969','5575','龙泉电信局宿舍',3,'',7,1),(380,'2018-11-20 05:10:18.505498','2878','龙泉滨河花园',3,'',7,1),(381,'2018-11-20 05:10:18.511240','10812','龙泉建行宿舍',3,'',7,1),(382,'2018-11-20 05:10:18.515616','5644','龙泉建行宿舍',3,'',7,1),(383,'2018-11-20 05:10:18.525616','5531','龙泉工商局宿舍',3,'',7,1),(384,'2018-11-20 05:10:18.534077','5597','龙泉天立广场',3,'',7,1),(385,'2018-11-20 05:10:18.542995','5623','龙泉地税局宿舍',3,'',7,1),(386,'2018-11-20 05:13:25.324144','3341','龙府花园',3,'',7,1),(387,'2018-11-20 05:13:25.356836','5525','龙安佳苑',3,'',7,1),(388,'2018-11-20 05:13:25.361858','5534','龙城1号(商住楼)',3,'',7,1),(389,'2018-11-20 05:13:25.372379','4239','龙城1号',3,'',7,1),(390,'2018-11-20 05:13:25.377869','485','龙博御景',3,'',7,1),(391,'2018-11-20 05:13:25.388126','481','龙华花园',3,'',7,1),(392,'2018-11-20 05:13:25.394126','5545','龙华新城二期D区',3,'',7,1),(393,'2018-11-20 05:13:25.403372','5547','龙华新城二期C区',3,'',7,1),(394,'2018-11-20 05:13:25.413027','5546','龙华新城二期B区',3,'',7,1),(395,'2018-11-20 05:13:25.430085','3595','龙华新城二期A区',3,'',7,1),(396,'2018-11-20 05:13:25.478941','1273','龙兴苑',3,'',7,1),(397,'2018-11-20 05:13:25.484469','5618','鹿角社区',3,'',7,1),(398,'2018-11-20 05:13:25.495828','5464','鹰冠庄园',3,'',7,1),(399,'2018-11-20 05:13:25.502091','2230','驿马桥小区',3,'',7,1),(400,'2018-11-20 05:13:25.506515','2763','驿都锦绣',3,'',7,1),(401,'2018-11-20 05:13:25.511579','3312','驿都水岸丽园',3,'',7,1),(402,'2018-11-20 05:13:25.520322','5632','驿都小区',3,'',7,1),(403,'2018-11-20 05:13:25.525566','5477','驿都城',3,'',7,1),(404,'2018-11-20 05:13:25.534872','4609','首创东公元',3,'',7,1),(405,'2018-11-20 05:13:25.542617','2431','静园',3,'',7,1),(406,'2018-11-20 05:13:25.548181','10157','青和苑',3,'',7,1),(407,'2018-11-20 05:13:25.557705','5510','霏红榭2期',3,'',7,1),(408,'2018-11-20 05:13:25.563126','4457','霏红榭',3,'',7,1),(409,'2018-11-20 05:13:25.573921','5611','雅居',3,'',7,1),(410,'2018-11-20 05:13:25.578622','5542','雄飞生活广场',3,'',7,1),(411,'2018-11-20 05:13:25.590267','914','雄峰苑',3,'',7,1),(412,'2018-11-20 05:13:25.600789','5572','隆基泰和铂悦山',3,'',7,1),(413,'2018-11-20 05:13:25.611252','5652','陶竺村紫云轩',3,'',7,1),(414,'2018-11-20 05:13:25.620729','1341','陶然紫云轩',3,'',7,1),(415,'2018-11-20 05:13:25.630977','2858','陶然精舍',3,'',7,1),(416,'2018-11-20 05:13:25.640141','2848','陶然村一区',3,'',7,1),(417,'2018-11-20 05:13:25.651306','818','陵川小区',3,'',7,1),(418,'2018-11-20 05:13:25.657999','3328','阳光香榭',3,'',7,1),(419,'2018-11-20 05:13:25.669755','740','阳光花苑',3,'',7,1),(420,'2018-11-20 05:13:25.675547','5593','阳光城学生公寓',3,'',7,1),(421,'2018-11-20 05:13:25.686303','3007','阳光印象小区',3,'',7,1),(422,'2018-11-20 05:13:25.692904','2256','阳光假日',3,'',7,1),(423,'2018-11-20 05:13:25.704611','204','长钢小区',3,'',7,1),(424,'2018-11-20 05:13:25.709261','5552','长柏路248号院',3,'',7,1),(425,'2018-11-20 05:13:25.719498','205','锦鑫苑',3,'',7,1),(426,'2018-11-20 05:13:25.727684','2190','锦苑小区',3,'',7,1),(427,'2018-11-20 05:13:25.735729','1932','锦源居',3,'',7,1),(428,'2018-11-20 05:13:25.744379','5628','锦和康城',3,'',7,1),(429,'2018-11-20 05:13:25.752328','10859','锦丰首席',3,'',7,1),(430,'2018-11-20 05:13:25.764048','5468','锦上时代',3,'',7,1),(431,'2018-11-20 05:13:25.777184','4550','锦上城',3,'',7,1),(432,'2018-11-20 05:13:25.783689','10814','银诚东方国际',3,'',7,1),(433,'2018-11-20 05:13:25.794162','3466','银河花园2期',3,'',7,1),(434,'2018-11-20 05:13:25.799701','4166','银河花园1期',3,'',7,1),(435,'2018-11-20 05:13:25.810237','5476','银杏苑',3,'',7,1),(436,'2018-11-20 05:13:25.817001','5617','银星苑',3,'',7,1),(437,'2018-11-20 05:13:25.825310','482','银发小区',3,'',7,1),(438,'2018-11-20 05:13:25.830245','5573','鑫通骊景',3,'',7,1),(439,'2018-11-20 05:13:25.837578','871','鑫通福地',3,'',7,1),(440,'2018-11-20 05:13:25.845203','5691','鑫满苑',3,'',7,1),(441,'2018-11-20 05:13:25.849076','5562','鑫源二小区',3,'',7,1),(442,'2018-11-20 05:13:25.854599','10836','鑫园',3,'',7,1),(443,'2018-11-20 05:13:25.858735','5646','金茂悦龙山',3,'',7,1),(444,'2018-11-20 05:13:25.864150','2156','金色逸景',3,'',7,1),(445,'2018-11-20 05:13:25.874118','5533','金色海岸',3,'',7,1),(446,'2018-11-20 05:13:25.877049','3540','金色极地',3,'',7,1),(447,'2018-11-20 05:13:25.887144','5543','金色时代广场',3,'',7,1),(448,'2018-11-20 05:13:25.893720','5648','金色新时代',3,'',7,1),(449,'2018-11-20 05:13:25.901739','5643','金科东方雅郡',3,'',7,1),(450,'2018-11-20 05:13:25.908913','5647','金泉香槟城',3,'',7,1),(451,'2018-11-20 05:13:25.913495','3332','金巴黎',3,'',7,1),(452,'2018-11-20 05:13:25.923907','2049','金山花园(幸福路)',3,'',7,1),(453,'2018-11-20 05:13:25.929149','2701','金山花园',3,'',7,1),(454,'2018-11-20 05:13:25.940938','10797','金山御景蓝湾',3,'',7,1),(455,'2018-11-20 05:13:25.946041','5596','金山商业街小区',3,'',7,1),(456,'2018-11-20 05:13:25.953468','3729','金上城',3,'',7,1),(457,'2018-11-20 05:13:25.962978','1277','酱园小区',3,'',7,1),(458,'2018-11-20 05:13:25.969399','1272','警苑',3,'',7,1),(459,'2018-11-20 05:13:25.978805','4143','观澜东山',3,'',7,1),(460,'2018-11-20 05:13:25.985661','3512','观景上东',3,'',7,1),(461,'2018-11-20 05:13:25.995857','1190','西龙公寓',3,'',7,1),(462,'2018-11-20 05:13:26.006907','5675','西鑫苑',3,'',7,1),(463,'2018-11-20 05:13:26.013853','5673','西河小学教师宿舍',3,'',7,1),(464,'2018-11-20 05:13:26.019485','5522','西村人家',3,'',7,1),(465,'2018-11-20 05:13:26.026028','483','西博苑',3,'',7,1),(466,'2018-11-20 05:13:26.039914','5479','西博园',3,'',7,1),(467,'2018-11-20 05:13:26.050950','5474','蜀泉公寓',3,'',7,1),(468,'2018-11-20 05:13:26.063689','5609','藏龙苑',3,'',7,1),(469,'2018-11-20 05:13:26.074399','4206','蔚蓝花城A区',3,'',7,1),(470,'2018-11-20 05:13:26.089843','5493','蔚蓝森林',3,'',7,1),(471,'2018-11-20 05:13:26.107277','5616','蓝天小区',3,'',7,1),(472,'2018-11-20 05:13:26.136117','5556','蓝光公园华府',3,'',7,1),(473,'2018-11-20 05:13:26.143714','5569','英伦半岛',3,'',7,1),(474,'2018-11-20 05:13:26.153314','10799','苗溪公寓',3,'',7,1),(475,'2018-11-20 05:13:26.164478','2200','花样年华常青藤',3,'',7,1),(476,'2018-11-20 05:13:26.171112','4673','艺锦湾',3,'',7,1),(477,'2018-11-20 05:13:26.177308','5577','航天家属区',3,'',7,1),(478,'2018-11-20 05:13:26.185118','5582','航天城甲3区',3,'',7,1),(479,'2018-11-20 05:13:26.197811','5584','航天城甲2区',3,'',7,1),(480,'2018-11-20 05:13:26.211791','5513','航天城甲1区',3,'',7,1),(481,'2018-11-20 05:13:26.220886','5583','航天城南4区',3,'',7,1),(482,'2018-11-20 05:13:26.233341','5587','航天城南1区',3,'',7,1),(483,'2018-11-20 05:13:26.241941','5580','航天城乙5区',3,'',7,1),(484,'2018-11-20 05:13:26.249185','5590','航天城乙4区',3,'',7,1),(485,'2018-11-20 05:13:26.259721','5586','航天城乙3区',3,'',7,1),(486,'2018-11-20 05:15:48.636974','5585','航天城乙2区',3,'',7,1),(487,'2018-11-20 05:15:48.747716','5515','航天城乙1区',3,'',7,1),(488,'2018-11-20 05:15:48.755704','5579','航天城中2区',3,'',7,1),(489,'2018-11-20 05:15:48.770728','5578','航天城中1区',3,'',7,1),(490,'2018-11-20 05:15:48.782408','5514','航天城丙区',3,'',7,1),(491,'2018-11-20 05:15:48.791541','5516','航天城丁区',3,'',7,1),(492,'2018-11-20 05:15:48.800903','2914','航天南区小区',3,'',7,1),(493,'2018-11-20 05:15:48.811658','3194','航天乙区',3,'',7,1),(494,'2018-11-20 05:15:48.828279','2124','航天中区',3,'',7,1),(495,'2018-11-20 05:15:48.836798','2040','航天丙区',3,'',7,1),(496,'2018-11-20 05:15:48.849269','2816','航天丁区',3,'',7,1),(497,'2018-11-20 05:15:48.862108','3622','自由假日',3,'',7,1),(498,'2018-11-20 05:15:48.874658','5566','胜利家园',3,'',7,1),(499,'2018-11-20 05:15:48.880184','5488','老年健康公寓',3,'',7,1),(500,'2018-11-20 05:15:48.886747','3469','翠晨记',3,'',7,1),(501,'2018-11-20 05:15:48.898529','1274','美宸东方',3,'',7,1),(502,'2018-11-20 05:15:48.912969','3385','美丰花苑',3,'',7,1),(503,'2018-11-20 05:15:48.921534','10807','绿林书院',3,'',7,1),(504,'2018-11-20 05:15:48.929861','5517','绿城家园',3,'',7,1),(505,'2018-11-20 05:15:48.940908','5499','绿地海派中心',3,'',7,1),(506,'2018-11-20 05:15:48.956938','5490','维卡国际城',3,'',7,1),(507,'2018-11-20 05:15:48.970647','5537','经典社区',3,'',7,1),(508,'2018-11-20 05:15:48.987691','5540','紫金广场',3,'',7,1),(509,'2018-11-20 05:15:48.994395','4933','紫晶广场',3,'',7,1),(510,'2018-11-20 05:15:49.005487','5595','粮食局宿舍',3,'',7,1),(511,'2018-11-20 05:15:49.011559','5594','禹鑫亚瑟的城堡',3,'',7,1),(512,'2018-11-20 05:15:49.024975','5548','福泉中心',3,'',7,1),(513,'2018-11-20 05:15:49.036795','10167','福圣小区',3,'',7,1),(514,'2018-11-20 05:15:49.047710','4937','祥瑞花园',3,'',7,1),(515,'2018-11-20 05:15:49.055061','5674','祥和居',3,'',7,1),(516,'2018-11-20 05:15:49.065677','3023','石油小区',3,'',7,1),(517,'2018-11-20 05:15:49.073180','1673','盛世中华',3,'',7,1),(518,'2018-11-20 05:15:49.084902','5637','皇冠湖壹号',3,'',7,1),(519,'2018-11-20 05:15:49.094868','5638','皇冠国际社区二期',3,'',7,1),(520,'2018-11-20 05:15:49.104669','5649','皇冠国际社区三期',3,'',7,1),(521,'2018-11-20 05:15:49.113909','4746','皇冠国际社区一期',3,'',7,1),(522,'2018-11-20 05:15:49.123488','5581','百悦城(商住楼)',3,'',7,1),(523,'2018-11-20 05:15:49.136842','3363','百悦城',3,'',7,1),(524,'2018-11-20 05:15:49.143600','988','白鹤小区',3,'',7,1),(525,'2018-11-20 05:15:49.156382','1675','电建园',3,'',7,1),(526,'2018-11-20 05:15:49.161419','5591','瑞应苑',3,'',7,1),(527,'2018-11-20 05:15:49.174998','2758','瑞临锦苑',3,'',7,1),(528,'2018-11-20 05:15:49.181204','2412','瑞丰苑',3,'',7,1),(529,'2018-11-20 05:15:49.189690','3953','琥珀庭院',3,'',7,1),(530,'2018-11-20 05:15:49.201168','4427','玺印上院',3,'',7,1),(531,'2018-11-20 05:15:49.216132','5558','现代新居F区西区',3,'',7,1),(532,'2018-11-20 05:15:49.225016','5511','现代新居F区东区',3,'',7,1),(533,'2018-11-20 05:15:49.236474','5698','现代新居E区',3,'',7,1),(534,'2018-11-20 05:15:49.248690','5670','现代新居D区',3,'',7,1),(535,'2018-11-20 05:15:49.255195','5672','现代新居C区',3,'',7,1),(536,'2018-11-20 05:15:49.267403','5671','现代新居B区',3,'',7,1),(537,'2018-11-20 05:15:49.280013','348','现代新居A区',3,'',7,1),(538,'2018-11-20 05:15:49.287347','5518','玉龙山庄(别墅)',3,'',7,1),(539,'2018-11-20 05:15:49.293366','2576','玉龙山庄',3,'',7,1),(540,'2018-11-20 05:15:49.299355','2950','燎原小区',3,'',7,1),(541,'2018-11-20 05:15:49.307028','5571','燃建宿舍',3,'',7,1),(542,'2018-11-20 05:15:49.340945','5679','煌歌艺树',3,'',7,1),(543,'2018-11-20 05:15:49.365938','2042','炬星柠檬城',3,'',7,1),(544,'2018-11-20 05:15:49.379146','5576','炜岸城(别墅)',3,'',7,1),(545,'2018-11-20 05:15:49.388361','3397','炜岸城',3,'',7,1),(546,'2018-11-20 05:15:49.397206','5692','灵龙路168号院',3,'',7,1),(547,'2018-11-20 05:15:49.407020','5112','滨西绿洲',3,'',7,1),(548,'2018-11-20 05:15:49.419167','2493','滨河苑小区',3,'',7,1),(549,'2018-11-20 05:15:49.430106','5676','溪源居小区',3,'',7,1),(550,'2018-11-20 05:15:49.438581','2410','温馨苑',3,'',7,1),(551,'2018-11-20 05:15:49.448870','3493','海川国际社区',3,'',7,1),(552,'2018-11-20 05:15:49.459004','5467','海亮彩悦府',3,'',7,1),(553,'2018-11-20 05:15:49.469764','5610','测绘局宿舍',3,'',7,1),(554,'2018-11-20 05:15:49.486441','5665','派瑞国际',3,'',7,1),(555,'2018-11-20 05:15:49.497650','340','洪河谷生活广场',3,'',7,1),(556,'2018-11-20 05:15:49.509641','2255','洪景丽苑',3,'',7,1),(557,'2018-11-20 05:15:49.520205','10834','泰华锦城',3,'',7,1),(558,'2018-11-20 05:15:49.531184','1625','沁园小区',3,'',7,1),(559,'2018-11-20 05:15:49.540052','1891','江华社区',3,'',7,1),(560,'2018-11-20 05:15:49.549435','2163','汇鑫苑',3,'',7,1),(561,'2018-11-20 05:15:49.557104','1624','汇丰苑',3,'',7,1),(562,'2018-11-20 05:15:49.568828','10165','永福苑',3,'',7,1),(563,'2018-11-20 05:15:49.577439','5532','永溪街小区',3,'',7,1),(564,'2018-11-20 05:15:49.589712','10166','永安佳居',3,'',7,1),(565,'2018-11-20 05:15:49.599784','5660','民政局宿舍',3,'',7,1),(566,'2018-11-20 05:15:49.616700','1289','武城大观城市花园一期',3,'',7,1),(567,'2018-11-20 05:15:49.635395','5684','楠博苑',3,'',7,1),(568,'2018-11-20 05:15:49.651392','5472','森悦中心',3,'',7,1),(569,'2018-11-20 05:15:49.661389','5501','棕榈印象',3,'',7,1),(570,'2018-11-20 05:15:49.671964','10172','棕南华苑',3,'',7,1),(571,'2018-11-20 05:15:49.684193','5654','桃都自由东方',3,'',7,1),(572,'2018-11-20 05:15:49.704810','2083','桃都印象',3,'',7,1),(573,'2018-11-20 05:15:49.711500','5653','桃苑居',3,'',7,1),(574,'2018-11-20 05:15:49.722375','2413','桃花源别墅',3,'',7,1),(575,'2018-11-20 05:15:49.739198','4878','桃源铭',3,'',7,1),(576,'2018-11-20 05:15:49.752057','5473','桃源三期',3,'',7,1),(577,'2018-11-20 05:15:49.764864','206','桂花园',3,'',7,1),(578,'2018-11-20 05:15:49.774044','94','格林大道',3,'',7,1),(579,'2018-11-20 05:15:49.784804','3713','格兰鼎城',3,'',7,1),(580,'2018-11-20 05:15:49.790772','3170','格兰玺城',3,'',7,1),(581,'2018-11-20 05:15:49.802164','5113','柏林小区',3,'',7,1),(582,'2018-11-20 05:15:49.806355','3649','林溪美城',3,'',7,1),(583,'2018-11-20 05:15:49.818651','5619','林溪康城',3,'',7,1),(584,'2018-11-20 05:15:49.824889','10164','来龙名苑',3,'',7,1),(585,'2018-11-20 05:15:49.833799','3068','朋城金龙美景',3,'',7,1),(586,'2018-11-20 06:14:38.072581','11302','肖家河西一巷小区',3,'',7,1),(587,'2018-11-20 06:14:38.115258','10921','ICON大源中心',3,'',7,1),(588,'2018-11-20 06:14:38.122016','10510','天合汇锦城(商住楼)',3,'',7,1),(589,'2018-11-20 06:14:38.127400','10501','天府欣苑西区',3,'',7,1),(590,'2018-11-20 06:14:38.135762','10497','凯乐国际',3,'',7,1),(591,'2018-11-20 06:14:38.140016','10494','新怡花园B区',3,'',7,1),(592,'2018-11-20 06:14:38.143515','10484','融创香璟台',3,'',7,1),(593,'2018-11-20 06:14:38.148666','10480','融创香璟台(商住楼)',3,'',7,1),(594,'2018-11-20 06:14:38.156271','10479','润富国际998',3,'',7,1),(595,'2018-11-20 06:14:38.159469','10478','临江苑',3,'',7,1),(596,'2018-11-20 06:14:38.165463','10477','润兰名居一期',3,'',7,1),(597,'2018-11-20 06:14:38.172346','10476','世豪广场世豪瑞丽(商住楼)',3,'',7,1),(598,'2018-11-20 06:14:38.175060','10475','正成南郡',3,'',7,1),(599,'2018-11-20 06:14:38.179521','10474','花样年福年广场',3,'',7,1),(600,'2018-11-20 06:14:38.188662','10473','鑫苑',3,'',7,1),(601,'2018-11-20 06:14:38.193181','10472','北辰朗诗南门绿郡(别墅)',3,'',7,1),(602,'2018-11-20 06:14:38.199300','10471','首座MAX',3,'',7,1),(603,'2018-11-20 06:14:38.205684','10470','北大资源颐和翡翠府(别墅)',3,'',7,1),(604,'2018-11-20 06:14:38.210013','10469','碧桂园海昌天澜(别墅)',3,'',7,1),(605,'2018-11-20 06:14:38.217515','10468','三利麓山城(别墅)',3,'',7,1),(606,'2018-11-20 06:14:38.223473','10467','华楠半岛(别墅)',3,'',7,1),(607,'2018-11-20 06:14:38.227969','10466','祥和佳苑(双流)',3,'',7,1),(608,'2018-11-20 06:14:38.236006','10465','万科公园5号(别墅)',3,'',7,1),(609,'2018-11-20 06:14:38.240410','10464','鑫阳花园(别墅)',3,'',7,1),(610,'2018-11-20 06:14:38.244372','10463','星宸国际',3,'',7,1),(611,'2018-11-20 06:14:38.251542','10462','花样年香年广场',3,'',7,1),(612,'2018-11-20 06:14:38.257686','10461','富润国际广场',3,'',7,1),(613,'2018-11-20 06:14:38.261152','10460','中和丹桂苑',3,'',7,1),(614,'2018-11-20 06:14:38.267523','10459','裕民商业·办公楼',3,'',7,1),(615,'2018-11-20 06:14:38.273844','10458','誉峰东区',3,'',7,1),(616,'2018-11-20 06:14:38.277770','10457','招商大魔方玺悦',3,'',7,1),(617,'2018-11-20 06:14:38.284994','10456','新怡花园A区',3,'',7,1),(618,'2018-11-20 06:14:38.291321','10455','新怡华庭东区',3,'',7,1),(619,'2018-11-20 06:14:38.297059','10454','佳年华时代晶座',3,'',7,1),(620,'2018-11-20 06:14:38.305161','10453','新义路1号院',3,'',7,1),(621,'2018-11-20 06:14:38.308806','10452','新鑫民居',3,'',7,1),(622,'2018-11-20 06:14:38.311692','10451','龙湖九里晴川',3,'',7,1),(623,'2018-11-20 06:14:38.317183','10450','领馆尚城',3,'',7,1),(624,'2018-11-20 06:14:38.323966','10449','领事公馆',3,'',7,1),(625,'2018-11-20 06:14:38.327588','10448','新光社区文韵苑',3,'',7,1),(626,'2018-11-20 06:14:38.332729','10447','一品CG',3,'',7,1),(627,'2018-11-20 06:14:38.338842','10446','龙腾苑',3,'',7,1),(628,'2018-11-20 06:14:38.342198','10445','熊家桥48号院',3,'',7,1),(629,'2018-11-20 06:14:38.345343','10444','馨月苑',3,'',7,1),(630,'2018-11-20 06:14:38.348804','10442','银生金叶苑',3,'',7,1),(631,'2018-11-20 06:14:38.353768','10441','蓝花楹',3,'',7,1),(632,'2018-11-20 06:14:38.358325','10440','天府名居',3,'',7,1),(633,'2018-11-20 06:14:38.365226','10438','天合凯旋广场',3,'',7,1),(634,'2018-11-20 06:14:38.370506','10437','凯德世纪名邸',3,'',7,1),(635,'2018-11-20 06:14:38.375349','10436','建发翡翠鹭洲(别墅)',3,'',7,1),(636,'2018-11-20 06:14:38.383644','10434','奥克斯广场',3,'',7,1),(637,'2018-11-20 06:14:38.389964','10430','长城半岛城邦二期',3,'',7,1),(638,'2018-11-20 06:14:38.398465','10423','四川省公路设计院宿舍',3,'',7,1),(639,'2018-11-20 06:14:38.403611','10422','大源欢乐颂(商住楼)',3,'',7,1),(640,'2018-11-20 06:14:38.409352','10421','保利锦江里',3,'',7,1),(641,'2018-11-20 06:14:38.418947','10420','南城都汇汇朗园',3,'',7,1),(642,'2018-11-20 06:14:38.424806','10418','润莱金座',3,'',7,1),(643,'2018-11-20 06:14:38.429608','10417','清凤时代城',3,'',7,1),(644,'2018-11-20 06:14:38.437522','10416','南湖逸家',3,'',7,1),(645,'2018-11-20 06:14:38.442323','10415','金地天府城',3,'',7,1),(646,'2018-11-20 06:14:38.450464','10410','理想028',3,'',7,1),(647,'2018-11-20 06:14:38.458032','7732','肖家河沿巷7号院',3,'',7,1),(648,'2018-11-20 06:14:38.472481','7731','三利宅院3期',3,'',7,1),(649,'2018-11-20 06:14:38.481086','7730','兴蓉南一巷1号院',3,'',7,1),(650,'2018-11-20 06:14:38.499791','7729','吉顺苑',3,'',7,1),(651,'2018-11-20 06:14:38.512543','7728','峰度天下',3,'',7,1),(652,'2018-11-20 06:14:38.519234','7727','绿苑',3,'',7,1),(653,'2018-11-20 06:14:38.523924','7726','中房润新花园B区',3,'',7,1),(654,'2018-11-20 06:14:38.528889','7725','神仙树3号院',3,'',7,1),(655,'2018-11-20 06:14:38.536296','7724','蓓蕾东巷4号院',3,'',7,1),(656,'2018-11-20 06:14:38.540999','7723','新盛社区',3,'',7,1),(657,'2018-11-20 06:14:38.545847','7722','河绿苑',3,'',7,1),(658,'2018-11-20 06:14:38.552201','7721','北大资源颐和翡翠府',3,'',7,1),(659,'2018-11-20 06:14:38.556362','7720','地奥公寓',3,'',7,1),(660,'2018-11-20 06:14:38.559672','7719','肖家河沿街10号院',3,'',7,1),(661,'2018-11-20 06:14:38.567275','7718','双祥社区25号院',3,'',7,1),(662,'2018-11-20 06:14:38.572035','7717','金翠苑',3,'',7,1),(663,'2018-11-20 06:14:38.575404','7716','紫荆北路56号院',3,'',7,1),(664,'2018-11-20 06:14:38.581527','7715','香月湖',3,'',7,1),(665,'2018-11-20 06:14:38.588097','7714','茗兴花园二期',3,'',7,1),(666,'2018-11-20 06:14:38.592379','7713','肖家河东二巷7号院',3,'',7,1),(667,'2018-11-20 06:14:38.598581','7712','太平洋金色港湾',3,'',7,1),(668,'2018-11-20 06:14:38.605670','7711','芳草街35号院',3,'',7,1),(669,'2018-11-20 06:14:38.609708','7710','紫竹北街二十七号院',3,'',7,1),(670,'2018-11-20 06:14:38.615836','7709','高新阳光家园',3,'',7,1),(671,'2018-11-20 06:14:38.623452','7708','中洲锦城湖岸',3,'',7,1),(672,'2018-11-20 06:14:38.628558','7707','紫荆美熙广场',3,'',7,1),(673,'2018-11-20 06:14:38.636563','7706','喜达华庭',3,'',7,1),(674,'2018-11-20 06:14:38.641202','7705','中大文儒德',3,'',7,1),(675,'2018-11-20 06:14:38.646656','7704','时代天府',3,'',7,1),(676,'2018-11-20 06:14:38.655015','7703','东华虹湾1号',3,'',7,1),(677,'2018-11-20 06:14:38.659534','7702','南苑二期',3,'',7,1),(678,'2018-11-20 06:14:38.669227','7701','大有智慧',3,'',7,1),(679,'2018-11-20 06:14:38.673973','7700','南城都汇汇曦园',3,'',7,1),(680,'2018-11-20 06:14:38.678354','7698','天府长岛',3,'',7,1),(681,'2018-11-20 06:14:38.688387','7697','天鹅湖北苑',3,'',7,1),(682,'2018-11-20 06:14:38.692882','7696','嘉悦汇',3,'',7,1),(683,'2018-11-20 06:14:38.699894','7695','金桂花园金桂苑',3,'',7,1),(684,'2018-11-20 06:14:38.706746','7694','金房大榕湾',3,'',7,1),(685,'2018-11-20 06:14:38.710644','7693','嘉祥瑞庭南城',3,'',7,1),(686,'2018-11-20 06:20:52.927137','7692','四川旅游学院教师公寓',3,'',7,1),(687,'2018-11-20 06:20:53.072411','7691','世纪城新国际会议中心',3,'',7,1),(688,'2018-11-20 06:20:53.106897','7690','建发泱墅',3,'',7,1),(689,'2018-11-20 06:20:53.115219','7689','教师公寓',3,'',7,1),(690,'2018-11-20 06:20:53.150249','7688','火炬时代',3,'',7,1),(691,'2018-11-20 06:20:53.158082','7687','润兰名居',3,'',7,1),(692,'2018-11-20 06:20:53.184827','7686','天府欣苑东区',3,'',7,1),(693,'2018-11-20 06:20:53.188252','7685','后街大院',3,'',7,1),(694,'2018-11-20 06:20:53.231053','7684','三博科技园',3,'',7,1),(695,'2018-11-20 06:20:53.239539','7683','盛世嘉苑',3,'',7,1),(696,'2018-11-20 06:20:53.267785','7682','润富国际花园',3,'',7,1),(697,'2018-11-20 06:20:53.276598','7681','华惠嘉悦汇',3,'',7,1),(698,'2018-11-20 06:20:53.282675','7680','华明南馨园',3,'',7,1),(699,'2018-11-20 06:20:53.325151','7679','成都银泰中心华悦府',3,'',7,1),(700,'2018-11-20 06:20:53.348031','7678','融创Nano公馆',3,'',7,1),(701,'2018-11-20 06:20:53.358980','7677','新景鼎南川宇',3,'',7,1),(702,'2018-11-20 06:20:53.429204','7676','建发鹭公馆',3,'',7,1),(703,'2018-11-20 06:20:53.461742','7675','南城都汇汇馨园',3,'',7,1),(704,'2018-11-20 06:20:53.468030','7674','成都雅居乐花园(别墅)',3,'',7,1),(705,'2018-11-20 06:20:53.477519','7673','保利心语观园国际',3,'',7,1),(706,'2018-11-20 06:20:53.502449','7672','万科金域名邸1期',3,'',7,1),(707,'2018-11-20 06:20:53.507972','7671','远大都市风景二期',3,'',7,1),(708,'2018-11-20 06:20:53.516420','7670','朗基御今缘',3,'',7,1),(709,'2018-11-20 06:20:53.520719','7669','复地雍湖湾(别墅)',3,'',7,1),(710,'2018-11-20 06:20:53.554097','7668','棕榈泉费尔蒙公寓',3,'',7,1),(711,'2018-11-20 06:20:53.558261','7667','保利心语花园别墅',3,'',7,1),(712,'2018-11-20 06:20:53.561933','7666','保利心语香雪',3,'',7,1),(713,'2018-11-20 06:20:53.567972','7665','嘉年华青年城smart公寓',3,'',7,1),(714,'2018-11-20 06:20:53.592225','7664','高盛公馆',3,'',7,1),(715,'2018-11-20 06:20:53.596649','7663','华侨凤凰中国华商金融中心',3,'',7,1),(716,'2018-11-20 06:20:53.604523','7662','枫丹国际公寓',3,'',7,1),(717,'2018-11-20 06:20:53.626950','7661','新城国际广场',3,'',7,1),(718,'2018-11-20 06:20:53.631667','7660','东方希望天祥广场',3,'',7,1),(719,'2018-11-20 06:20:53.666503','7659','中航国际交流中心',3,'',7,1),(720,'2018-11-20 06:20:53.676817','7658','熊家桥路48号院',3,'',7,1),(721,'2018-11-20 06:20:53.710692','7657','保利心语上府',3,'',7,1),(722,'2018-11-20 06:20:53.715425','7656','新怡华庭西区',3,'',7,1),(723,'2018-11-20 06:20:53.763902','7655','和美家园二期',3,'',7,1),(724,'2018-11-20 06:20:53.772840','7654','航天城上城(商住楼)',3,'',7,1),(725,'2018-11-20 06:20:53.912879','7653','中德英伦联邦B区',3,'',7,1),(726,'2018-11-20 06:20:53.923633','7652','复地雍湖湾(商住楼)',3,'',7,1),(727,'2018-11-20 06:20:53.951211','7651','两江国际(商住楼)',3,'',7,1),(728,'2018-11-20 06:20:53.961232','7650','中德英伦联邦C区',3,'',7,1),(729,'2018-11-20 06:20:53.967311','7649','世豪瑞丽(商住楼)',3,'',7,1),(730,'2018-11-20 06:20:53.977144','7648','世龙广场',3,'',7,1),(731,'2018-11-20 06:20:53.983369','7647','花样年美岸',3,'',7,1),(732,'2018-11-20 06:20:53.997863','7646','金控时代广场',3,'',7,1),(733,'2018-11-20 06:20:54.006992','7645','旺旺商业广场',3,'',7,1),(734,'2018-11-20 06:20:54.015504','7644','朗基和今缘',3,'',7,1),(735,'2018-11-20 06:20:54.023430','7643','蜀都中心二期',3,'',7,1),(736,'2018-11-20 06:20:54.047863','7642','蜀都中心一期',3,'',7,1),(737,'2018-11-20 06:20:54.053230','7641','紫瑞苑',3,'',7,1),(738,'2018-11-20 06:20:54.062631','7640','黄金时代',3,'',7,1),(739,'2018-11-20 06:20:54.068590','7639','南城都汇汇彩园',3,'',7,1),(740,'2018-11-20 06:20:54.078502','7638','中德英伦城邦K区',3,'',7,1),(741,'2018-11-20 06:20:54.096530','7637','保利锦江里(别墅)',3,'',7,1),(742,'2018-11-20 06:20:54.104555','7636','北辰香麓',3,'',7,1),(743,'2018-11-20 06:20:54.115982','7635','天府欣苑东区',3,'',7,1),(744,'2018-11-20 06:20:54.124888','7634','IMC国际广场(商住楼)',3,'',7,1),(745,'2018-11-20 06:20:54.132328','7633','世龙广场(商住楼)',3,'',7,1),(746,'2018-11-20 06:20:54.148510','7632','ICON尚郡(商住楼)',3,'',7,1),(747,'2018-11-20 06:20:54.153366','7631','建发鹭洲国际(商住楼)',3,'',7,1),(748,'2018-11-20 06:20:54.164383','7630','建发天府鹭洲(商住楼)',3,'',7,1),(749,'2018-11-20 06:20:54.168983','7629','锦城南府(商住楼)',3,'',7,1),(750,'2018-11-20 06:20:54.179511','7628','环球时代中心',3,'',7,1),(751,'2018-11-20 06:20:54.185521','7627','利通时代晶座(商住楼)',3,'',7,1),(752,'2018-11-20 06:20:54.195952','7626','无国界(商住楼)',3,'',7,1),(753,'2018-11-20 06:20:54.201101','7625','建发鹭洲国际',3,'',7,1),(754,'2018-11-20 06:20:54.227212','7624','长城半岛城邦三期',3,'',7,1),(755,'2018-11-20 06:20:54.233683','7623','长冶南阳御龙府',3,'',7,1),(756,'2018-11-20 06:20:54.249745','7622','礼顿山1号',3,'',7,1),(757,'2018-11-20 06:20:54.255879','7621','朗诗熙华府',3,'',7,1),(758,'2018-11-20 06:20:54.262626','7620','仁美大源印象(商住楼)',3,'',7,1),(759,'2018-11-20 06:20:54.271745','7619','美洲花园棕榈湾',3,'',7,1),(760,'2018-11-20 06:20:54.277010','7618','雄飞新园名都',3,'',7,1),(761,'2018-11-20 06:20:54.284025','7617','南钻威尼斯',3,'',7,1),(762,'2018-11-20 06:20:54.293021','7616','布鲁明顿广场',3,'',7,1),(763,'2018-11-20 06:20:54.304037','7615','中建投峰汇中心',3,'',7,1),(764,'2018-11-20 06:20:54.311844','7614','四川省天然气化工研究院生活区',3,'',7,1),(765,'2018-11-20 06:20:54.321418','7613','龙祥佳苑三期',3,'',7,1),(766,'2018-11-20 06:20:54.326185','7612','绿缘雅居',3,'',7,1),(767,'2018-11-20 06:20:54.337534','7611','华府西苑',3,'',7,1),(768,'2018-11-20 06:20:54.344543','7610','无国界',3,'',7,1),(769,'2018-11-20 06:20:54.355612','7609','两江国际',3,'',7,1),(770,'2018-11-20 06:20:54.373138','7608','保利香雪',3,'',7,1),(771,'2018-11-20 06:20:54.380666','7607','天府名居金沙江苑',3,'',7,1),(772,'2018-11-20 06:20:54.389636','7606','保利星座',3,'',7,1),(773,'2018-11-20 06:20:54.397085','7605','长城半岛城邦一期',3,'',7,1),(774,'2018-11-20 06:20:54.408056','7604','领馆国际城',3,'',7,1),(775,'2018-11-20 06:20:54.422529','7603','丽景花园',3,'',7,1),(776,'2018-11-20 06:20:54.439155','7602','三利云锦',3,'',7,1),(777,'2018-11-20 06:20:54.444996','7601','银泰泰悦湾',3,'',7,1),(778,'2018-11-20 06:20:54.452337','7600','天合凯旋南城',3,'',7,1),(779,'2018-11-20 06:20:54.473029','7599','恒大珺临阁',3,'',7,1),(780,'2018-11-20 06:20:54.477986','7598','兴蓉南三巷5号院',3,'',7,1),(781,'2018-11-20 06:20:54.489290','7597','保利锦湖林语南区',3,'',7,1),(782,'2018-11-20 06:20:54.494639','7596','保利锦湖林语北区',3,'',7,1),(783,'2018-11-20 06:20:54.503895','7595','曙光国际',3,'',7,1),(784,'2018-11-20 06:20:54.511340','7594','新街社区北区',3,'',7,1),(785,'2018-11-20 06:20:54.528931','7593','朝阳苑',3,'',7,1),(786,'2018-11-20 06:29:22.501997','166','蛟龙港',3,'',14,1),(787,'2018-11-20 06:29:22.608114','138','白家',3,'',14,1),(788,'2018-11-20 06:29:22.650072','132','牧马山',3,'',14,1),(789,'2018-11-20 06:29:22.687153','86','文星',3,'',14,1),(790,'2018-11-20 06:29:22.725883','78','彭镇',3,'',14,1),(791,'2018-11-20 06:29:22.747253','11','东升镇',3,'',14,1),(792,'2018-11-20 06:43:31.980019','197','龙潭寺',3,'',14,1),(793,'2018-11-20 06:43:32.066815','173','财富又一城',3,'',14,1),(794,'2018-11-20 06:43:32.197803','134','猛追湾',3,'',14,1),(795,'2018-11-20 06:43:32.210168','109','槐树店',3,'',14,1),(796,'2018-11-20 06:43:32.315821','102','杉板桥',3,'',14,1),(797,'2018-11-20 06:43:32.379640','97','新鸿路',3,'',14,1),(798,'2018-11-20 06:43:32.451441','89','新华公园',3,'',14,1),(799,'2018-11-20 06:43:32.526691','54','圣灯路',3,'',14,1),(800,'2018-11-20 06:43:32.608013','33','动物园',3,'',14,1),(801,'2018-11-20 06:43:32.706900','29','八里小区',3,'',14,1),(802,'2018-11-20 06:43:32.819671','20','二仙桥',3,'',14,1),(803,'2018-11-20 06:43:33.017214','14','东风路',3,'',14,1),(804,'2018-11-20 06:43:33.050244','1','SM广场',3,'',14,1),(805,'2018-11-20 06:45:12.887396','10046','石化家园',3,'',7,1),(806,'2018-11-20 06:45:12.920504','10045','金华1号',3,'',7,1),(807,'2018-11-20 06:45:12.943838','10044','中信城左岸',3,'',7,1),(808,'2018-11-20 06:45:12.955448','10042','麓湖生态城澜语溪岸(别墅)',3,'',7,1),(809,'2018-11-20 06:45:12.967847','10040','鑫苑鑫都汇南区',3,'',7,1),(810,'2018-11-20 06:45:12.974607','10038','鑫苑鑫都汇北区',3,'',7,1),(811,'2018-11-20 06:45:12.984816','4706','佳兆业君汇上品',3,'',7,1),(812,'2018-11-20 06:45:12.989856','4687','美城悦荣府',3,'',7,1),(813,'2018-11-20 06:45:13.003164','4582','南湖国际社区',3,'',7,1),(814,'2018-11-20 06:45:13.012320','4260','金茂光明城市',3,'',7,1),(815,'2018-11-20 06:45:13.022168','3966','天府美岸',3,'',7,1),(816,'2018-11-20 06:45:13.031050','2894','南湖左岸',3,'',7,1),(817,'2018-11-20 06:46:51.358453','44','双林路',3,'',14,1),(818,'2018-11-20 06:46:51.371061','35','十里店',3,'',14,1),(819,'2018-11-20 06:58:06.127104','13','龙泉驿',3,'',16,1),(820,'2018-11-20 07:13:16.691690','195','黄龙溪',3,'',14,1),(821,'2018-11-20 07:14:17.589679','193','麓山',3,'',14,1),(822,'2018-11-20 07:17:33.315158','38','华阳',3,'',14,1),(823,'2018-11-20 07:22:35.343023','10802','龙飞腾家园',3,'',7,1),(824,'2018-11-20 07:22:35.357905','10775','蓝光圣菲悦城',3,'',7,1),(825,'2018-11-20 07:22:35.369945','10761','景茂雍水岸郦府',3,'',7,1),(826,'2018-11-20 07:22:35.374867','10756','空港家苑',3,'',7,1),(827,'2018-11-20 07:22:35.384972','10746','南湖鑫苑鑫家',3,'',7,1),(828,'2018-11-20 07:22:35.393983','10740','桂花园',3,'',7,1),(829,'2018-11-20 07:22:35.407895','10738','大成郡',3,'',7,1),(830,'2018-11-20 07:22:35.418869','10733','空港骑士郡西区',3,'',7,1),(831,'2018-11-20 07:22:35.424421','10731','蓝润棠湖春天',3,'',7,1),(832,'2018-11-20 07:22:35.434271','10716','魏家院子',3,'',7,1),(833,'2018-11-20 07:23:20.775057','10710','麓湖生态城白玉台',3,'',7,1),(834,'2018-11-20 07:23:20.785850','10704','江安丽苑二期',3,'',7,1),(835,'2018-11-20 07:23:20.790645','8043','时代奥特莱斯',3,'',7,1),(836,'2018-11-20 07:23:20.794451','8042','黄荆路5号院',3,'',7,1),(837,'2018-11-20 07:23:20.803083','8039','泰山苑',3,'',7,1),(838,'2018-11-20 07:23:20.808186','8033','名苑C区',3,'',7,1),(839,'2018-11-20 07:23:20.812110','8030','景逸华宅',3,'',7,1),(840,'2018-11-20 07:23:20.822276','8012','航空港工行宿舍',3,'',7,1),(841,'2018-11-20 07:23:20.826519','7977','圣菲阳光里',3,'',7,1),(842,'2018-11-20 07:23:20.832610','7976','空港新居',3,'',7,1),(843,'2018-11-20 07:23:43.011150','7970','天赐苑',3,'',7,1),(844,'2018-11-20 07:23:43.021908','7958','三和天骄年华',3,'',7,1),(845,'2018-11-20 07:23:43.028531','6356','西藏运输宿舍',3,'',7,1),(846,'2018-11-20 07:23:43.036431','6354','花天锦地',3,'',7,1),(847,'2018-11-20 07:23:43.044288','6351','川齿厂宿舍',3,'',7,1),(848,'2018-11-20 07:23:43.055591','6334','和泓麓江府',3,'',7,1),(849,'2018-11-20 07:23:43.061114','6331','人和园',3,'',7,1),(850,'2018-11-20 07:23:43.065606','6330','西航港莲花社区',3,'',7,1),(851,'2018-11-20 07:23:43.076993','6329','融创玖棠府',3,'',7,1),(852,'2018-11-20 07:23:43.082032','6328','成都万达1号',3,'',7,1),(853,'2018-11-20 07:24:12.291250','6302','巴黎都市',3,'',7,1),(854,'2018-11-20 07:24:12.305710','6301','榕苑别墅',3,'',7,1),(855,'2018-11-20 07:24:12.310577','6282','合力达卓越南城',3,'',7,1),(856,'2018-11-20 07:24:12.321005','6267','融创长滩壹号',3,'',7,1),(857,'2018-11-20 07:24:12.325482','6261','湖夹滩社区',3,'',7,1),(858,'2018-11-20 07:24:12.337302','6260','云顶雅居',3,'',7,1),(859,'2018-11-20 07:24:12.342086','6251','星辰公寓',3,'',7,1),(860,'2018-11-20 07:24:12.349522','6242','信息工程学院住房',3,'',7,1),(861,'2018-11-20 07:24:12.356785','6235','温哥华南苑',3,'',7,1),(862,'2018-11-20 07:24:12.362189','6230','美好家园(别墅)',3,'',7,1),(863,'2018-11-20 07:24:38.320255','6225','温资金港华府',3,'',7,1),(864,'2018-11-20 07:24:38.328766','6223','南城锦尚',3,'',7,1),(865,'2018-11-20 07:24:38.339044','6217','空港之星',3,'',7,1),(866,'2018-11-20 07:24:38.346887','6214','文星生活广场',3,'',7,1),(867,'2018-11-20 07:24:38.355433','6213','麓湖生态城沉香谷',3,'',7,1),(868,'2018-11-20 07:24:38.359599','6212','麓湖生态城黑珍珠',3,'',7,1),(869,'2018-11-20 07:24:38.363429','6211','麓湖生态城琉璃溪岸',3,'',7,1),(870,'2018-11-20 07:24:38.371721','6210','麓湖生态城云树(别墅)',3,'',7,1),(871,'2018-11-20 07:24:38.379692','6209','麓湖生态城澜语溪岸',3,'',7,1),(872,'2018-11-20 07:24:38.389060','6208','麓湖生态城玲珑屿',3,'',7,1),(873,'2018-11-20 07:25:00.410016','6207','麓湖生态城云树',3,'',7,1),(874,'2018-11-20 07:25:00.419300','6206','麓湖生态城琉璃溪岸(别墅)',3,'',7,1),(875,'2018-11-20 07:25:00.429913','6204','麓湖生态城麒麟荟',3,'',7,1),(876,'2018-11-20 07:25:00.441273','6201','新天地春天里',3,'',7,1),(877,'2018-11-20 07:25:00.445864','6194','金港中心',3,'',7,1),(878,'2018-11-20 07:25:00.453819','6193','中建华府锦城',3,'',7,1),(879,'2018-11-20 07:25:00.461140','6190','临江丽苑三期B区',3,'',7,1),(880,'2018-11-20 07:25:00.465715','6188','万科翡翠公园',3,'',7,1),(881,'2018-11-20 07:25:00.477792','6183','阳光丽锦',3,'',7,1),(882,'2018-11-20 07:25:00.485155','6182','棠湖电信宿舍',3,'',7,1),(883,'2018-11-20 07:27:47.187437','6178','麓湖生态城黑蝶贝',3,'',7,1),(884,'2018-11-20 07:27:47.201038','6175','成都新天地(商住楼)',3,'',7,1),(885,'2018-11-20 07:27:47.215380','6172','紫郡蘭园',3,'',7,1),(886,'2018-11-20 07:27:47.228106','6168','南城香山(商住楼)',3,'',7,1),(887,'2018-11-20 07:27:47.243704','6164','临江丽苑2期',3,'',7,1),(888,'2018-11-20 07:27:47.248823','6159','温资华园壹号',3,'',7,1),(889,'2018-11-20 07:27:47.261692','6156','锦里园别墅',3,'',7,1),(890,'2018-11-20 07:27:47.267117','6155','西航港小区',3,'',7,1),(891,'2018-11-20 07:27:47.279384','6149','西南化工研究设计院',3,'',7,1),(892,'2018-11-20 07:27:47.284451','6147','中国水电五局红缨小区',3,'',7,1),(893,'2018-11-20 07:27:47.292759','6145','温哥华花园五期',3,'',7,1),(894,'2018-11-20 07:27:47.301851','6143','双流莲花社区',3,'',7,1),(895,'2018-11-20 07:27:47.312233','6137','万达天府1号',3,'',7,1),(896,'2018-11-20 07:27:47.319033','6134','成都新天地2期春天里',3,'',7,1),(897,'2018-11-20 07:27:47.330943','6133','麓湖生态城原溪岸',3,'',7,1),(898,'2018-11-20 07:27:47.343890','6132','蓝光空港国际城二期',3,'',7,1),(899,'2018-11-20 07:27:47.364113','6129','麓湖生态城隐溪岸',3,'',7,1),(900,'2018-11-20 07:27:47.381591','6128','华府公馆',3,'',7,1),(901,'2018-11-20 07:27:47.389457','4721','温哥华花园三期',3,'',7,1),(902,'2018-11-20 07:27:47.402812','4616','空港16区',3,'',7,1),(903,'2018-11-20 07:27:47.409398','4553','成都新天地',3,'',7,1),(904,'2018-11-20 07:27:47.419181','4524','康桥品上',3,'',7,1),(905,'2018-11-20 07:27:47.424806','4364','翰林南城',3,'',7,1),(906,'2018-11-20 07:27:47.435418','4334','南丽湾',3,'',7,1),(907,'2018-11-20 07:27:47.440462','4264','欧洲印象',3,'',7,1),(908,'2018-11-20 07:27:47.451013','4230','蓝光空港国际城七期',3,'',7,1),(909,'2018-11-20 07:27:47.456925','4227','学府嘉苑',3,'',7,1),(910,'2018-11-20 07:27:47.467565','4174','润扬书院阁',3,'',7,1),(911,'2018-11-20 07:27:47.473620','4114','临江丽苑B区',3,'',7,1),(912,'2018-11-20 07:27:47.486835','4091','成都早晨',3,'',7,1),(913,'2018-11-20 07:29:05.496404','3980','弗客城',3,'',7,1),(914,'2018-11-20 07:29:05.513993','3976','锦丽华庭',3,'',7,1),(915,'2018-11-20 07:29:05.519453','3965','利通上优水岸',3,'',7,1),(916,'2018-11-20 07:29:05.527888','3916','佰客郡',3,'',7,1),(917,'2018-11-20 07:29:05.538213','3914','润扬川大河畔',3,'',7,1),(918,'2018-11-20 07:29:05.545875','3848','空港晶座',3,'',7,1),(919,'2018-11-20 07:29:05.553564','3812','阳光地中海',3,'',7,1),(920,'2018-11-20 07:29:05.564972','3791','和贵久居福',3,'',7,1),(921,'2018-11-20 07:29:05.572492','3782','温哥华花园六期',3,'',7,1),(922,'2018-11-20 07:29:05.582837','3719','美好花园',3,'',7,1),(923,'2018-11-20 07:29:05.589242','3604','中国水电五局常乐小区',3,'',7,1),(924,'2018-11-20 07:29:05.599746','3589','温哥华花园一期',3,'',7,1),(925,'2018-11-20 07:29:05.613133','3575','瑞升明院',3,'',7,1),(926,'2018-11-20 07:29:05.626079','3515','王府锦苑',3,'',7,1),(927,'2018-11-20 07:29:05.634934','3470','文星花园',3,'',7,1),(928,'2018-11-20 07:29:05.642736','3455','空港新天地',3,'',7,1),(929,'2018-11-20 07:29:05.651873','3423','温哥华花园四期',3,'',7,1),(930,'2018-11-20 07:29:05.657940','3395','锦丽园别墅',3,'',7,1),(931,'2018-11-20 07:29:05.668394','3322','书香尚品',3,'',7,1),(932,'2018-11-20 07:29:05.674849','3315','双樱阁',3,'',7,1),(933,'2018-11-20 07:29:05.685008','3296','成信家园',3,'',7,1),(934,'2018-11-20 07:29:05.694437','3243','银泰花园别墅',3,'',7,1),(935,'2018-11-20 07:29:05.703323','3141','江安花园',3,'',7,1),(936,'2018-11-20 07:29:05.709038','3071','空港小院花语',3,'',7,1),(937,'2018-11-20 07:29:05.713455','3014','汉城小区',3,'',7,1),(938,'2018-11-20 07:29:05.722442','2938','温哥华花园二期',3,'',7,1),(939,'2018-11-20 07:29:05.729594','2794','南港家园',3,'',7,1),(940,'2018-11-20 07:29:05.735987','2772','新航印象',3,'',7,1),(941,'2018-11-20 07:29:05.745976','2754','江南宅院',3,'',7,1),(942,'2018-11-20 07:29:05.750102','2720','月都家园',3,'',7,1),(943,'2018-11-20 07:29:59.905841','2719','空港星品地',3,'',7,1),(944,'2018-11-20 07:29:59.934054','2262','龙湖家园',3,'',7,1),(945,'2018-11-20 07:29:59.945025','2125','星月花园',3,'',7,1),(946,'2018-11-20 07:29:59.954206','2100','前锋空港国际',3,'',7,1),(947,'2018-11-20 07:29:59.965233','2099','金色校园广场',3,'',7,1),(948,'2018-11-20 07:29:59.975537','2046','南城香山',3,'',7,1),(949,'2018-11-20 07:29:59.980324','1950','化工院',3,'',7,1),(950,'2018-11-20 07:29:59.987688','1859','明日苑',3,'',7,1),(951,'2018-11-20 07:29:59.995637','1744','空港东方',3,'',7,1),(952,'2018-11-20 07:29:59.999882','1639','南洋馨园',3,'',7,1),(953,'2018-11-20 07:30:00.012886','1613','学府润园',3,'',7,1),(954,'2018-11-20 07:30:00.018229','1563','锦江苑',3,'',7,1),(955,'2018-11-20 07:30:00.028138','1562','翰林书院',3,'',7,1),(956,'2018-11-20 07:30:00.032044','1253','白家雅园',3,'',7,1),(957,'2018-11-20 07:30:00.043661','1185','景茂雍水岸',3,'',7,1),(958,'2018-11-20 07:30:00.048127','1134','锦丽苑',3,'',7,1),(959,'2018-11-20 07:30:00.055611','1028','光明苑',3,'',7,1),(960,'2018-11-20 07:30:00.062394','883','瑞丰花园',3,'',7,1),(961,'2018-11-20 07:30:00.066323','879','天鹅湖别墅区',3,'',7,1),(962,'2018-11-20 07:30:00.076406','852','蜀星公寓',3,'',7,1),(963,'2018-11-20 07:30:00.081090','845','宏昌佳苑',3,'',7,1),(964,'2018-11-20 07:30:00.087429','729','棠湖外语学校宿舍',3,'',7,1),(965,'2018-11-20 07:30:00.098764','696','罗曼星城',3,'',7,1),(966,'2018-11-20 07:31:16.620480','2657','顺风苑(双流)',3,'',7,1),(967,'2018-11-20 07:31:16.626850','2656','骑士郡锦程',3,'',7,1),(968,'2018-11-20 07:31:16.636806','2640','尚港领地',3,'',7,1),(969,'2018-11-20 07:31:16.640987','2600','流溪丽园',3,'',7,1),(970,'2018-11-20 07:31:16.648525','2505','和贵馨城',3,'',7,1),(971,'2018-11-20 07:31:16.655559','2373','新和领航',3,'',7,1),(972,'2018-11-20 07:31:16.661704','2344','古城小区南苑',3,'',7,1),(973,'2018-11-20 07:31:16.671562','693','江安丽苑',3,'',7,1),(974,'2018-11-20 07:31:16.675244','476','天府家苑',3,'',7,1),(975,'2018-11-20 07:31:16.680181','319','江安逸人居',3,'',7,1),(976,'2018-11-20 07:31:16.689193','306','新碧园',3,'',7,1),(977,'2018-11-20 07:31:16.694991','157','蜀星花园',3,'',7,1),(978,'2018-11-20 07:31:16.701644','91','弗客水岸',3,'',7,1),(979,'2018-11-20 07:31:16.708442','71','空港首座',3,'',7,1),(980,'2018-11-20 07:31:16.714555','64','上福佳苑',3,'',7,1),(981,'2018-11-20 07:31:16.722618','59','警馨苑',3,'',7,1),(982,'2018-11-20 07:31:16.731092','19','翰林上岛',3,'',7,1),(983,'2018-11-20 07:31:16.740211','14','圣菲TOWN城',3,'',7,1),(984,'2018-11-20 07:31:40.415269','1','双流',3,'',16,1),(985,'2018-11-20 07:34:37.364989','182','金马镇',3,'',14,1),(986,'2018-11-20 07:35:12.667470','175','踏水镇',3,'',14,1),(987,'2018-11-20 07:35:12.680646','114','永宁镇',3,'',14,1),(988,'2018-11-20 07:36:56.531125','124','温江城区',3,'',14,1),(989,'2018-11-20 07:38:34.896225','27','光华大道',3,'',14,1),(990,'2018-11-20 07:39:31.348536','104','杨柳河',3,'',14,1),(991,'2018-11-20 07:39:31.371127','41','南熏大道',3,'',14,1),(992,'2018-11-20 07:39:31.378974','34','北部新城',3,'',14,1),(993,'2018-11-20 07:39:31.388392','30','公平镇',3,'',14,1),(994,'2018-11-20 07:39:31.395330','4','万春镇',3,'',14,1),(995,'2018-11-20 07:39:59.592694','6','温江',3,'',16,1),(996,'2018-11-20 07:45:34.864900','176','郫筒',3,'',14,1),(997,'2018-11-20 07:45:34.936065','149','红光',3,'',14,1),(998,'2018-11-20 07:45:34.947180','133','犀浦',3,'',14,1),(999,'2018-11-20 07:45:34.953790','93','新民场',3,'',14,1),(1000,'2018-11-20 07:45:34.983197','79','德源',3,'',14,1),(1001,'2018-11-20 07:45:34.996409','68','安靖',3,'',14,1),(1002,'2018-11-20 07:45:35.001771','67','安德',3,'',14,1),(1003,'2018-11-20 07:45:35.013294','52','团结',3,'',14,1),(1004,'2018-11-20 07:45:35.018744','50','唐昌',3,'',14,1),(1005,'2018-11-20 07:45:35.026566','49','唐元',3,'',14,1),(1006,'2018-11-20 07:46:48.615252','46','古城',3,'',14,1),(1007,'2018-11-20 07:46:48.629943','43','友爱',3,'',14,1),(1008,'2018-11-20 07:46:48.638798','8','三道堰',3,'',14,1),(1009,'2018-11-20 07:47:08.852931','7','郫县',3,'',16,1),(1010,'2018-11-20 07:48:07.257898','196','龙桥',3,'',14,1),(1011,'2018-11-20 07:48:07.268217','143','石板滩',3,'',14,1),(1012,'2018-11-20 07:48:07.275641','118','泰兴',3,'',14,1),(1013,'2018-11-20 07:48:07.279436','100','木兰',3,'',14,1),(1014,'2018-11-20 07:48:07.283832','96','新都老城区',3,'',14,1),(1015,'2018-11-20 07:53:05.235040','95','新都新城区',3,'',14,1),(1016,'2018-11-20 07:53:42.916151','94','新繁',3,'',14,1),(1017,'2018-11-20 07:53:42.927069','92','新民',3,'',14,1),(1018,'2018-11-20 07:54:14.291805','88','斑竹园',3,'',14,1),(1019,'2018-11-20 07:54:14.304775','7','三河',3,'',14,1),(1020,'2018-11-20 07:56:09.905173','4','新都',3,'',16,1),(1021,'2018-11-20 07:57:37.287620','181','金融城',3,'',14,1),(1022,'2018-11-20 07:57:37.295317','158','芳草',3,'',14,1),(1023,'2018-11-20 07:57:37.303462','152','美年广场',3,'',14,1),(1024,'2018-11-20 07:59:39.767052','148','紫荆',3,'',14,1),(1025,'2018-11-20 08:00:39.723229','145','神仙树',3,'',14,1),(1026,'2018-11-20 08:01:53.437989','136','理想中心',3,'',14,1),(1027,'2018-11-20 08:07:09.787016','10587','动力公司生活区',3,'',7,1),(1028,'2018-11-20 08:07:09.880605','10495','蓉铁花园B幢',3,'',7,1),(1029,'2018-11-20 08:07:09.895247','10493','荆竹小区一号院',3,'',7,1),(1030,'2018-11-20 08:07:09.913075','10489','怡北商住楼',3,'',7,1),(1031,'2018-11-20 08:07:09.920605','10487','菽香里一巷1号院',3,'',7,1),(1032,'2018-11-20 08:07:09.936236','10485','锦府',3,'',7,1),(1033,'2018-11-20 08:07:09.955035','10483','驷马康城',3,'',7,1),(1034,'2018-11-20 08:07:09.969192','10481','跳蹬河南路3号院',3,'',7,1),(1035,'2018-11-20 08:07:09.987358','10443','府青路二段4号院',3,'',7,1),(1036,'2018-11-20 08:07:09.993935','10439','八里桥路204号院',3,'',7,1),(1037,'2018-11-20 08:07:10.001719','10424','水武街77号院',3,'',7,1),(1038,'2018-11-20 08:07:10.009790','10203','北湖卡夫诺',3,'',7,1),(1039,'2018-11-20 08:07:10.014788','10200','建设北路二段小区',3,'',7,1),(1040,'2018-11-20 08:07:10.028938','10198','成都无缝钢管厂三生活区',3,'',7,1),(1041,'2018-11-20 08:07:10.041011','10197','双庆路49号院',3,'',7,1),(1042,'2018-11-20 08:07:10.058700','10196','福丽碧蔓汀',3,'',7,1),(1043,'2018-11-20 08:07:10.118819','10152','跳蹬河北路小区',3,'',7,1),(1044,'2018-11-20 08:07:10.128964','10148','阳光家苑',3,'',7,1),(1045,'2018-11-20 08:07:10.140233','9665','培华社区',3,'',7,1),(1046,'2018-11-20 08:07:10.147233','9661','建设路永年村',3,'',7,1),(1047,'2018-11-20 08:07:10.166705','9660','万年场横街11号院',3,'',7,1),(1048,'2018-11-20 08:07:10.188031','9659','万年场横街9号院',3,'',7,1),(1049,'2018-11-20 08:07:10.205199','9658','双桥路南社区',3,'',7,1),(1050,'2018-11-20 08:07:10.219550','9657','电焊机厂宿舍',3,'',7,1),(1051,'2018-11-20 08:07:10.228989','9656','北一街小区',3,'',7,1),(1052,'2018-11-20 08:07:10.240066','9655','北二街小区',3,'',7,1),(1053,'2018-11-20 08:07:10.247073','9653','虹波苑',3,'',7,1),(1054,'2018-11-20 08:07:10.255748','9651','经华路社区',3,'',7,1),(1055,'2018-11-20 08:07:10.262797','9649','竞成路4号院',3,'',7,1),(1056,'2018-11-20 08:07:10.288757','9648','建设中路15号小区',3,'',7,1),(1057,'2018-11-20 08:08:01.200537','9646','泌园',3,'',7,1),(1058,'2018-11-20 08:08:01.242188','9645','京虹苑',3,'',7,1),(1059,'2018-11-20 08:08:01.250128','9644','成都内燃机总厂生活区',3,'',7,1),(1060,'2018-11-20 08:08:01.257712','9643','双林巷9号院',3,'',7,1),(1061,'2018-11-20 08:08:01.265429','9642','杨柳店社区',3,'',7,1),(1062,'2018-11-20 08:08:01.275504','9641','消防中队干部宿舍',3,'',7,1),(1063,'2018-11-20 08:08:01.288242','9640','生育文化大院',3,'',7,1),(1064,'2018-11-20 08:08:01.294933','9639','成都交通学校宿舍',3,'',7,1),(1065,'2018-11-20 08:08:01.304848','9637','积步街6号院',3,'',7,1),(1066,'2018-11-20 08:08:01.310238','9635','人民北路小区',3,'',7,1),(1067,'2018-11-20 08:08:01.315198','9634','四川省第三建筑工程公司宿舍',3,'',7,1),(1068,'2018-11-20 08:08:01.324618','9632','成都68信箱宿舍',3,'',7,1),(1069,'2018-11-20 08:08:01.330599','9631','二仙桥北路小区',3,'',7,1),(1070,'2018-11-20 08:08:01.339848','9630','建设北路三段小区',3,'',7,1),(1071,'2018-11-20 08:08:01.345862','9628','双桥路171号院',3,'',7,1),(1072,'2018-11-20 08:08:01.356408','9627','耐火新苑',3,'',7,1),(1073,'2018-11-20 08:08:01.361285','9626','法院宿舍',3,'',7,1),(1074,'2018-11-20 08:08:01.370656','9624','成铁疗养院',3,'',7,1),(1075,'2018-11-20 08:08:01.378593','9621','怡和水岸花园',3,'',7,1),(1076,'2018-11-20 08:08:01.386150','9617','成华区街道办宿舍',3,'',7,1),(1077,'2018-11-20 08:08:01.393720','9615','东升小区',3,'',7,1),(1078,'2018-11-20 08:08:01.397552','9612','东风渠管理局宿舍',3,'',7,1),(1079,'2018-11-20 08:08:01.407391','9610','安康苑',3,'',7,1),(1080,'2018-11-20 08:08:01.413326','9607','圣灯公寓',3,'',7,1),(1081,'2018-11-20 08:08:01.420796','9606','云龙公寓',3,'',7,1),(1082,'2018-11-20 08:08:01.428652','9603','仁和苑',3,'',7,1),(1083,'2018-11-20 08:08:01.433195','9602','圣欣苑',3,'',7,1),(1084,'2018-11-20 08:08:01.443576','9601','润新公寓',3,'',7,1),(1085,'2018-11-20 08:08:01.448143','9599','双林南支路18号院',3,'',7,1),(1086,'2018-11-20 08:08:01.461517','9597','成都卷烟厂宿舍',3,'',7,1),(1087,'2018-11-20 08:10:07.137001','6645','营康巷32号院',3,'',7,1),(1088,'2018-11-20 08:10:07.187011','6538','益和苑',3,'',7,1),(1089,'2018-11-20 08:10:07.199869','3971','金奥苑',3,'',7,1),(1090,'2018-11-20 08:10:07.207323','3178','金房苑琴园',3,'',7,1),(1091,'2018-11-20 08:10:07.219993','3109','城市博客阳光里',3,'',7,1),(1092,'2018-11-20 08:10:07.227491','2930','月园',3,'',7,1),(1093,'2018-11-20 08:10:07.236549','2673','青房天韵华庭',3,'',7,1),(1094,'2018-11-20 08:10:07.246949','2549','金沙御苑',3,'',7,1),(1095,'2018-11-20 08:10:07.258811','1172','金穗苑',3,'',7,1),(1096,'2018-11-20 08:10:43.005466','9596','双林三区',3,'',7,1),(1097,'2018-11-20 08:10:43.095565','9593','双林巷1号院',3,'',7,1),(1098,'2018-11-20 08:10:43.104101','9584','万年路社区积步街11号院',3,'',7,1),(1099,'2018-11-20 08:10:43.112187','9583','万年场横街19号院',3,'',7,1),(1100,'2018-11-20 08:10:43.123156','9581','东篱路68号院',3,'',7,1),(1101,'2018-11-20 08:10:43.133029','9571','万年场下街小区',3,'',7,1),(1102,'2018-11-20 08:10:43.139905','9555','成都客车厂宿舍',3,'',7,1),(1103,'2018-11-20 08:10:43.150785','9552','川抗所宿舍',3,'',7,1),(1104,'2018-11-20 08:10:43.163920','9548','双林北横路74号院',3,'',7,1),(1105,'2018-11-20 08:10:43.172847','9547','东篱苑',3,'',7,1),(1106,'2018-11-20 08:10:43.182230','9526','成发紫东阳光',3,'',7,1),(1107,'2018-11-20 08:10:43.197101','9525','积步街5号院',3,'',7,1),(1108,'2018-11-20 08:10:43.208787','9523','救助站小区',3,'',7,1),(1109,'2018-11-20 08:10:43.226769','7504','香山长岛',3,'',7,1),(1110,'2018-11-20 08:10:43.238830','7501','长天路小区',3,'',7,1),(1111,'2018-11-20 08:10:43.249410','7495','长天路东一巷1号院',3,'',7,1),(1112,'2018-11-20 08:10:43.262953','7494','长天路8号院',3,'',7,1),(1113,'2018-11-20 08:10:43.282008','7493','长天路3号院',3,'',7,1),(1114,'2018-11-20 08:10:43.291095','7492','长天路18号院',3,'',7,1),(1115,'2018-11-20 08:10:43.377027','7491','锦华苑',3,'',7,1),(1116,'2018-11-20 08:10:43.392289','7474','鲁能城',3,'',7,1),(1117,'2018-11-20 08:10:43.402760','7449','华润紫云府',3,'',7,1),(1118,'2018-11-20 08:10:43.416645','7448','华润凌云府',3,'',7,1),(1119,'2018-11-20 08:10:43.428767','7422','聚祥园',3,'',7,1),(1120,'2018-11-20 08:10:43.442685','7413','万年路社区积步街7号院',3,'',7,1),(1121,'2018-11-20 08:10:43.453108','7409','华润二十四城柒公馆',3,'',7,1),(1122,'2018-11-20 08:10:43.471916','7407','万兴街2号院',3,'',7,1),(1123,'2018-11-20 08:10:43.480844','7403','万兴街6号院',3,'',7,1),(1124,'2018-11-20 08:10:43.491180','7402','万兴街1号院',3,'',7,1),(1125,'2018-11-20 08:10:43.508816','7386','积步街9号院',3,'',7,1),(1126,'2018-11-20 08:11:44.629530','7385','积步街3号院',3,'',7,1),(1127,'2018-11-20 08:11:44.664536','7367','永平路1号院',3,'',7,1),(1128,'2018-11-20 08:11:44.670601','7254','积步东巷42号1幢',3,'',7,1),(1129,'2018-11-20 08:11:44.682173','7245','积步街13号院',3,'',7,1),(1130,'2018-11-20 08:11:44.700345','7231','沙河明珠',3,'',7,1),(1131,'2018-11-20 08:11:44.706889','7224','华润锦云府',3,'',7,1),(1132,'2018-11-20 08:11:44.720833','7223','华润尚云庭',3,'',7,1),(1133,'2018-11-20 08:11:44.731042','7219','蓉动厂宿舍',3,'',7,1),(1134,'2018-11-20 08:11:44.753395','7217','鸿谊苑',3,'',7,1),(1135,'2018-11-20 08:11:44.767095','7215','华润熙云府',3,'',7,1),(1136,'2018-11-20 08:11:44.772657','7213','沙河名仕公馆',3,'',7,1),(1137,'2018-11-20 08:11:44.790872','7202','槐树店路26号院',3,'',7,1),(1138,'2018-11-20 08:11:44.811446','6977','银河商业广场',3,'',7,1),(1139,'2018-11-20 08:11:44.818363','6972','长天路12号院',3,'',7,1),(1140,'2018-11-20 08:11:44.829181','6967','观城(商住楼)',3,'',7,1),(1141,'2018-11-20 08:11:44.843050','6457','钢三区',3,'',7,1),(1142,'2018-11-20 08:11:44.858820','6382','东桂二号院',3,'',7,1),(1143,'2018-11-20 08:11:44.867104','6380','东桂四号院',3,'',7,1),(1144,'2018-11-20 08:11:44.878846','5032','云祥公寓',3,'',7,1),(1145,'2018-11-20 08:11:44.887729','5022','东虹路社区',3,'',7,1),(1146,'2018-11-20 08:11:44.894223','4952','沙板桥教师宿舍',3,'',7,1),(1147,'2018-11-20 08:11:44.909107','4918','海堂名居',3,'',7,1),(1148,'2018-11-20 08:11:44.921541','4869','成都铁塔厂宿舍区',3,'',7,1),(1149,'2018-11-20 08:11:44.931446','4740','成发紫东芯座',3,'',7,1),(1150,'2018-11-20 08:11:44.940764','4731','锦绣东方',3,'',7,1),(1151,'2018-11-20 08:11:44.954634','4640','花样年花郡',3,'',7,1),(1152,'2018-11-20 08:11:44.963214','4475','隆鑫九熙二期',3,'',7,1),(1153,'2018-11-20 08:11:44.974773','4412','优品尚东',3,'',7,1),(1154,'2018-11-20 08:11:44.981433','4354','九龙仓御园北区',3,'',7,1),(1155,'2018-11-20 08:11:44.992888','4337','观城',3,'',7,1),(1156,'2018-11-20 08:13:15.993174','4310','千居朝阳',3,'',7,1),(1157,'2018-11-20 08:13:16.063171','4238','华润二十四城1期',3,'',7,1),(1158,'2018-11-20 08:13:16.071339','4136','云水苑',3,'',7,1),(1159,'2018-11-20 08:13:16.088705','4124','华西花园二期',3,'',7,1),(1160,'2018-11-20 08:13:16.099913','4069','沙河丽景',3,'',7,1),(1161,'2018-11-20 08:13:16.110341','3887','万年茗居',3,'',7,1),(1162,'2018-11-20 08:13:16.117599','3792','东方惠城A区',3,'',7,1),(1163,'2018-11-20 08:13:16.126777','3149','隆鑫九熙三期',3,'',7,1),(1164,'2018-11-20 08:13:16.143277','3092','联合小区',3,'',7,1),(1165,'2018-11-20 08:13:16.155530','2935','水岸东里',3,'',7,1),(1166,'2018-11-20 08:13:16.166050','2880','联合公寓',3,'',7,1),(1167,'2018-11-20 08:13:16.176071','2808','沙河湾',3,'',7,1),(1168,'2018-11-20 08:13:16.185924','2679','成都热电厂二生活区',3,'',7,1),(1169,'2018-11-20 08:13:16.200346','2491','银通苑',3,'',7,1),(1170,'2018-11-20 08:13:16.214359','2296','新华名园',3,'',7,1),(1171,'2018-11-20 08:13:16.232217','1890','理工东苑',3,'',7,1),(1172,'2018-11-20 08:13:16.246213','1857','万年路社区',3,'',7,1),(1173,'2018-11-20 08:13:16.257862','1270','红桥社区',3,'',7,1),(1174,'2018-11-20 08:13:16.265174','1207','成都玻璃厂宿舍',3,'',7,1),(1175,'2018-11-20 08:13:16.277145','826','万年场横街7号院',3,'',7,1),(1176,'2018-11-20 08:13:16.294602','739','东升苑',3,'',7,1),(1177,'2018-11-20 08:13:16.310696','738','洁美街4号院',3,'',7,1),(1178,'2018-11-20 08:13:16.332775','735','东篱路122号院',3,'',7,1),(1179,'2018-11-20 08:13:16.342202','733','金宇花园',3,'',7,1),(1180,'2018-11-20 08:13:16.352942','520','东篱民苑',3,'',7,1),(1181,'2018-11-20 08:13:16.365456','514','双庆路47号院',3,'',7,1),(1182,'2018-11-20 08:13:16.376856','185','正成沙河明珠',3,'',7,1),(1183,'2018-11-20 08:13:16.388035','178','万年场横街17号院',3,'',7,1),(1184,'2018-11-20 08:13:16.398637','174','建川梦追湾公馆',3,'',7,1),(1185,'2018-11-20 08:14:39.435311','9515','中港CCPark',3,'',7,1),(1186,'2018-11-20 08:14:39.487350','6806','万达锦华城(商住楼)',3,'',7,1),(1187,'2018-11-20 08:14:39.494349','6799','瑞升望江橡树林三期',3,'',7,1),(1188,'2018-11-20 08:14:39.499647','5876','翡翠长汀',3,'',7,1),(1189,'2018-11-20 08:14:39.505793','5875','翡翠天地',3,'',7,1),(1190,'2018-11-20 08:14:39.513614','5862','汽修厂宿舍',3,'',7,1),(1191,'2018-11-20 08:14:39.518544','4770','瑞升望江橡树林2期',3,'',7,1),(1192,'2018-11-20 08:14:39.522654','4484','瑞升望江橡树林南院',3,'',7,1),(1193,'2018-11-20 08:14:39.528177','3286','致瑞雅苑B区',3,'',7,1),(1194,'2018-11-20 08:14:39.532351','782','致瑞雅苑A区',3,'',7,1),(1195,'2018-11-20 08:16:31.657927','10667','绿地468公馆三期',3,'',7,1),(1196,'2018-11-20 08:16:31.797247','10666','绿地468公馆二期',3,'',7,1),(1197,'2018-11-20 08:16:31.815285','10650','绿地中心云玺468(商住楼)',3,'',7,1),(1198,'2018-11-20 08:16:31.831790','10649','俊发Park公馆',3,'',7,1),(1199,'2018-11-20 08:16:31.841409','10647','首开龙湖天璞',3,'',7,1),(1200,'2018-11-20 08:16:31.858005','10637','金房三径',3,'',7,1),(1201,'2018-11-20 08:16:31.870571','10611','汇丰花园',3,'',7,1),(1202,'2018-11-20 08:16:31.896350','10606','华熙528艺术村',3,'',7,1),(1203,'2018-11-20 08:16:31.920148','10601','华韵天府',3,'',7,1),(1204,'2018-11-20 08:16:31.945631','9520','绿地格兰德',3,'',7,1),(1205,'2018-11-20 08:16:31.977876','9420','银木佳苑',3,'',7,1),(1206,'2018-11-20 08:16:31.989843','6895','蓝润V客东都',3,'',7,1),(1207,'2018-11-20 08:16:31.995184','6891','四海逸家云庭',3,'',7,1),(1208,'2018-11-20 08:16:32.007847','6857','鑫苑名家新青年',3,'',7,1),(1209,'2018-11-20 08:16:32.015156','6855','绿地中心云玺468',3,'',7,1),(1210,'2018-11-20 08:16:32.026353','6849','创意山',3,'',7,1),(1211,'2018-11-20 08:16:32.033822','6840','东洪广厦',3,'',7,1),(1212,'2018-11-20 08:16:32.047789','5903','叠翠苑',3,'',7,1),(1213,'2018-11-20 08:16:32.063709','5859','人居锦尚春天A区',3,'',7,1),(1214,'2018-11-20 08:16:32.076354','5856','人居东御佲家',3,'',7,1),(1215,'2018-11-20 08:16:32.093945','5852','人居锦尚春天B区',3,'',7,1),(1216,'2018-11-20 08:16:32.098354','5851','锦和康城和贵苑',3,'',7,1),(1217,'2018-11-20 08:16:32.104946','5849','海棠佳苑',3,'',7,1),(1218,'2018-11-20 08:16:32.117700','4757','卓锦城1期',3,'',7,1),(1219,'2018-11-20 08:16:32.129584','4744','锦江城市花园一期',3,'',7,1),(1220,'2018-11-20 08:16:32.139181','4699','锦江城市花园二期',3,'',7,1),(1221,'2018-11-20 08:16:32.150488','4646','锦江城市花园三期',3,'',7,1),(1222,'2018-11-20 08:16:32.163710','4601','鑫苑名家一期',3,'',7,1),(1223,'2018-11-20 08:16:32.174143','4541','绿地中心468',3,'',7,1),(1224,'2018-11-20 08:16:32.187624','4500','鑫苑名家二期',3,'',7,1),(1225,'2018-11-20 08:16:32.195672','4476','锦城逸景B区',3,'',7,1),(1226,'2018-11-20 08:16:32.206264','4280','卓锦城2期',3,'',7,1),(1227,'2018-11-20 08:16:32.211160','4267','华都美林湾',3,'',7,1),(1228,'2018-11-20 08:16:32.223304','3943','卓锦城4期千树郡',3,'',7,1),(1229,'2018-11-20 08:16:32.232362','3900','卓锦城6期紫郡',3,'',7,1),(1230,'2018-11-20 08:16:32.246055','3786','俊发星雅俊园',3,'',7,1),(1231,'2018-11-20 08:16:32.262150','3687','卓锦城5期繁花郡',3,'',7,1),(1232,'2018-11-20 08:16:32.276307','3372','锦蓉佳苑',3,'',7,1),(1233,'2018-11-20 08:16:32.294445','3267','和祥瑞苑',3,'',7,1),(1234,'2018-11-20 08:16:32.312507','2649','四海逸家蓝钻',3,'',7,1),(1235,'2018-11-20 08:16:32.320770','1165','吉祥佳苑',3,'',7,1),(1236,'2018-11-20 08:16:32.335705','557','蓝润锦江春天',3,'',7,1),(1237,'2018-11-20 08:16:32.351402','242','锦江逸家',3,'',7,1),(1238,'2018-11-20 08:28:38.421711','177','金沙',3,'',14,1),(1239,'2018-11-20 08:32:56.755216','172','贝森',3,'',14,1),(1240,'2018-11-20 08:33:57.110454','170','西月城街',3,'',14,1),(1241,'2018-11-20 08:33:57.124347','169','西南财大区',3,'',14,1),(1242,'2018-11-20 08:33:57.128949','162','草市街',3,'',14,1),(1243,'2018-11-20 08:34:50.186108','142','石人',3,'',14,1),(1244,'2018-11-20 08:34:50.193222','121','浣花小区',3,'',14,1),(1245,'2018-11-20 08:34:50.206934','87','文殊坊',3,'',14,1),(1246,'2018-11-20 08:37:33.677278','187','顺城街',3,'',14,1),(1247,'2018-11-20 08:37:33.748529','183','长顺街',3,'',14,1),(1248,'2018-11-20 08:38:33.892475','161','草堂',3,'',14,1),(1249,'2018-11-20 08:38:33.916584','139','白果林',3,'',14,1),(1250,'2018-11-20 08:41:41.149375','10781','东城美地',3,'',7,1),(1251,'2018-11-20 08:41:41.164095','10776','萃锦东路342号院',3,'',7,1),(1252,'2018-11-20 08:41:41.175188','10683','桦林园',3,'',7,1),(1253,'2018-11-20 08:41:41.184598','10672','东光街4号院',3,'',7,1),(1254,'2018-11-20 08:41:41.192602','10648','J7金林中心',3,'',7,1),(1255,'2018-11-20 08:41:41.203497','10639','河滨馨苑',3,'',7,1),(1256,'2018-11-20 08:41:41.215866','10629','金色乐章',3,'',7,1),(1257,'2018-11-20 08:41:41.220558','10597','金象嘉园东区',3,'',7,1),(1258,'2018-11-20 08:41:41.225636','10596','金像民居',3,'',7,1),(1259,'2018-11-20 08:41:41.235550','10529','望江名门',3,'',7,1),(1260,'2018-11-20 08:41:41.243007','9492','东光南二巷小区',3,'',7,1),(1261,'2018-11-20 08:41:41.252094','9479','五桂苑',3,'',7,1),(1262,'2018-11-20 08:41:41.261632','9478','蓝谷地C区',3,'',7,1),(1263,'2018-11-20 08:41:41.268189','9456','观音桥街30号院',3,'',7,1),(1264,'2018-11-20 08:41:41.276875','9424','轻工机械厂宿舍',3,'',7,1),(1265,'2018-11-20 08:41:41.285210','9422','东怡街7号院',3,'',7,1),(1266,'2018-11-20 08:41:41.292198','9411','沙河苑公寓',3,'',7,1),(1267,'2018-11-20 08:41:41.304484','6960','东苑',3,'',7,1),(1268,'2018-11-20 08:41:41.317366','6922','新莲新社区',3,'',7,1),(1269,'2018-11-20 08:41:41.326422','6914','龙舟路小区4号院',3,'',7,1),(1270,'2018-11-20 08:41:41.335653','6913','银杏森林一期',3,'',7,1),(1271,'2018-11-20 08:41:41.346213','6907','河滨东苑',3,'',7,1),(1272,'2018-11-20 08:41:41.356316','6906','锦江教育局住宅',3,'',7,1),(1273,'2018-11-20 08:41:41.365031','6884','时代经典',3,'',7,1),(1274,'2018-11-20 08:41:41.375933','6880','江临阳光',3,'',7,1),(1275,'2018-11-20 08:41:41.384886','6878','柳江新居一期',3,'',7,1),(1276,'2018-11-20 08:41:41.394226','6832','沙河上4号住宅楼',3,'',7,1),(1277,'2018-11-20 08:41:41.400549','6826','启明家园A区',3,'',7,1),(1278,'2018-11-20 08:41:41.411580','6820','交大绿岭西区',3,'',7,1),(1279,'2018-11-20 08:41:41.419763','6802','青房云上东区',3,'',7,1),(1280,'2018-11-20 08:42:38.519782','6797','沙河上2期',3,'',7,1),(1281,'2018-11-20 08:42:38.589111','6795','观音桥西路16号院',3,'',7,1),(1282,'2018-11-20 08:42:38.608056','6756','北顺街6号院',3,'',7,1),(1283,'2018-11-20 08:42:38.623550','5930','三官堂街62号院',3,'',7,1),(1284,'2018-11-20 08:42:38.632874','5907','电力金具厂宿舍',3,'',7,1),(1285,'2018-11-20 08:42:38.644227','5884','复地天府新城',3,'',7,1),(1286,'2018-11-20 08:42:38.658460','5868','东光南一巷1号院',3,'',7,1),(1287,'2018-11-20 08:42:38.672510','5867','东光街1号院',3,'',7,1),(1288,'2018-11-20 08:42:38.677895','5866','东光街9号院',3,'',7,1),(1289,'2018-11-20 08:42:38.690814','5853','东兴花园',3,'',7,1),(1290,'2018-11-20 08:42:38.695633','5840','西藏电力局宿舍',3,'',7,1),(1291,'2018-11-20 08:42:38.703711','5827','东润理想居D区',3,'',7,1),(1292,'2018-11-20 08:42:38.713250','5811','河滨佳苑',3,'',7,1),(1293,'2018-11-20 08:42:38.722340','4144','汇丽汀香',3,'',7,1),(1294,'2018-11-20 08:42:38.747974','3779','交大绿岭东区',3,'',7,1),(1295,'2018-11-20 08:42:38.754154','3632','东润理想居C区',3,'',7,1),(1296,'2018-11-20 08:42:38.768123','3271','东光小区',3,'',7,1),(1297,'2018-11-20 08:42:38.788233','3089','成龙花园',3,'',7,1),(1298,'2018-11-20 08:42:38.799190','2988','沙河上1期',3,'',7,1),(1299,'2018-11-20 08:42:38.804775','2660','东润风景A区',3,'',7,1),(1300,'2018-11-20 08:42:38.810804','2644','青房云上西区',3,'',7,1),(1301,'2018-11-20 08:42:38.827485','2603','天地云庭',3,'',7,1),(1302,'2018-11-20 08:42:38.842068','2182','明珠园一期',3,'',7,1),(1303,'2018-11-20 08:42:38.848773','2106','新莲新苑',3,'',7,1),(1304,'2018-11-20 08:42:38.856011','1961','东怡园',3,'',7,1),(1305,'2018-11-20 08:42:38.863328','1913','金茂苑',3,'',7,1),(1306,'2018-11-20 08:42:38.869829','1881','爱家丽苑',3,'',7,1),(1307,'2018-11-20 08:42:38.882813','1710','小康人家',3,'',7,1),(1308,'2018-11-20 08:42:38.895762','1356','沁园',3,'',7,1),(1309,'2018-11-20 08:42:38.911941','657','警官公寓',3,'',7,1),(1310,'2018-11-20 08:45:18.485650','10678','阳光新业中心(商住楼)',3,'',7,1),(1311,'2018-11-20 08:45:18.505577','10655','较场坝西街11号院',3,'',7,1),(1312,'2018-11-20 08:45:18.513960','10654','一环路东五段89号院',3,'',7,1),(1313,'2018-11-20 08:45:18.522553','10616','较场坝中街42号院',3,'',7,1),(1314,'2018-11-20 08:45:18.531008','10613','较场坝中街60号院',3,'',7,1),(1315,'2018-11-20 08:45:18.539219','10598','四川省电力工业调整试验所职工宿舍',3,'',7,1),(1316,'2018-11-20 08:45:18.542866','10524','烟草宿舍',3,'',7,1),(1317,'2018-11-20 08:45:18.554098','10290','点将台西街小区',3,'',7,1),(1318,'2018-11-20 08:45:18.558093','10275','上东吉座',3,'',7,1),(1319,'2018-11-20 08:45:18.570949','10205','旺府公寓',3,'',7,1),(1320,'2018-11-20 08:45:18.574550','9521','龙井苑',3,'',7,1),(1321,'2018-11-20 08:45:18.584056','9485','均隆街70号院',3,'',7,1),(1322,'2018-11-20 08:45:18.594378','8619','东风路22号小区',3,'',7,1),(1323,'2018-11-20 08:45:18.604562','6956','红原教师住宅小区',3,'',7,1),(1324,'2018-11-20 08:45:18.610324','6938','力博楼',3,'',7,1),(1325,'2018-11-20 08:45:18.621947','6879','双槐树街76号院',3,'',7,1),(1326,'2018-11-20 08:45:18.631530','6839','牛王庙巷9号院',3,'',7,1),(1327,'2018-11-20 08:45:18.640016','6838','邮电五所宿舍',3,'',7,1),(1328,'2018-11-20 08:45:18.648391','6800','牛王庙巷26号院',3,'',7,1),(1329,'2018-11-20 08:45:18.657073','6785','天仙桥北路16号院',3,'',7,1),(1330,'2018-11-20 08:45:18.667525','5909','电力勘察设计院小区',3,'',7,1),(1331,'2018-11-20 08:45:18.675520','5902','点将台横街51号小区',3,'',7,1),(1332,'2018-11-20 08:45:18.686861','5901','点将台西二巷9号院',3,'',7,1),(1333,'2018-11-20 08:45:18.692736','5899','点将台东二巷小区',3,'',7,1),(1334,'2018-11-20 08:45:18.702274','5898','电管局宿舍',3,'',7,1),(1335,'2018-11-20 08:45:18.714069','5888','成都花园饭店宿舍区',3,'',7,1),(1336,'2018-11-20 08:45:18.724345','5883','中国农业发展银行四川省分行宿舍',3,'',7,1),(1337,'2018-11-20 08:45:18.733344','5858','青和里北段10号院',3,'',7,1),(1338,'2018-11-20 08:45:18.747098','5857','青和里北段7号院',3,'',7,1),(1339,'2018-11-20 08:45:18.758632','5848','紫东街电力社区',3,'',7,1),(1340,'2018-11-20 08:46:10.032691','5839','牛王庙巷11号院',3,'',7,1),(1341,'2018-11-20 08:46:10.041684','5837','年丰巷45号院',3,'',7,1),(1342,'2018-11-20 08:46:10.050732','5832','牛王庙巷6号院',3,'',7,1),(1343,'2018-11-20 08:46:10.058010','5831','牛王庙后街83号院',3,'',7,1),(1344,'2018-11-20 08:46:10.068060','5830','牛王庙后街50号院',3,'',7,1),(1345,'2018-11-20 08:46:10.077964','5824','东城区工业二局宿舍',3,'',7,1),(1346,'2018-11-20 08:46:10.084939','3508','SOHO我的寓所',3,'',7,1),(1347,'2018-11-20 08:46:10.094237','3473','喜年广场',3,'',7,1),(1348,'2018-11-20 08:46:10.111050','3197','九龙仓雍锦汇',3,'',7,1),(1349,'2018-11-20 08:46:10.119200','3103','总府花园',3,'',7,1),(1350,'2018-11-20 08:46:10.127950','2643','光辉岁月',3,'',7,1),(1351,'2018-11-20 08:46:10.135832','2530','蓝光时代华章',3,'',7,1),(1352,'2018-11-20 08:46:10.142354','2270','水岸银座',3,'',7,1),(1353,'2018-11-20 08:46:10.151837','2268','紫东苑',3,'',7,1),(1354,'2018-11-20 08:46:10.162682','1694','启明公寓',3,'',7,1),(1355,'2018-11-20 08:46:10.169630','1229','年丰巷53号院',3,'',7,1),(1356,'2018-11-20 08:46:10.176169','885','银杏春天',3,'',7,1),(1357,'2018-11-20 08:46:10.185399','663','东风路15号院',3,'',7,1),(1358,'2018-11-20 08:46:10.191638','296','义学仁家',3,'',7,1),(1359,'2018-11-20 08:46:10.200811','150','芷泉公寓',3,'',7,1),(1360,'2018-11-20 08:46:10.208913','3','时代豪庭',3,'',7,1),(1361,'2018-11-20 08:46:52.118585','10861','中道街36号院',3,'',7,1),(1362,'2018-11-20 08:46:52.131028','10784','冻青树街52号院',3,'',7,1),(1363,'2018-11-20 08:46:52.144416','10778','和平街20号1栋',3,'',7,1),(1364,'2018-11-20 08:46:52.158222','10687','数码港公寓',3,'',7,1),(1365,'2018-11-20 08:46:52.169974','10660','红星路一段35号院',3,'',7,1),(1366,'2018-11-20 08:46:52.182110','10642','康庄街28号院',3,'',7,1),(1367,'2018-11-20 08:46:52.199246','10638','东较场街73号院',3,'',7,1),(1368,'2018-11-20 08:46:52.210685','10626','三槐树路91号院',3,'',7,1),(1369,'2018-11-20 08:46:52.224866','10610','三槐树路10号院',3,'',7,1),(1370,'2018-11-20 08:46:52.243375','10604','三槐树路87号院',3,'',7,1),(1371,'2018-11-20 08:46:52.258255','10603','红星综合楼',3,'',7,1),(1372,'2018-11-20 08:46:52.275138','6915','柳浪苑',3,'',7,1),(1373,'2018-11-20 08:46:52.284645','6909','莱茵家园',3,'',7,1),(1374,'2018-11-20 08:46:52.295196','6871','馨桂雅居',3,'',7,1),(1375,'2018-11-20 08:46:52.309361','6853','玉皇观街1号院',3,'',7,1),(1376,'2018-11-20 08:46:52.319688','6852','昭忠祠街71号院',3,'',7,1),(1377,'2018-11-20 08:46:52.329266','6837','昭忠祠街72号院',3,'',7,1),(1378,'2018-11-20 08:46:52.342070','6836','昭忠寺社区',3,'',7,1),(1379,'2018-11-20 08:46:52.353238','6835','昭忠祠街67号院',3,'',7,1),(1380,'2018-11-20 08:46:52.361047','6834','昭忠祠街42号院',3,'',7,1),(1381,'2018-11-20 08:46:52.368765','6833','昭忠祠街52号院',3,'',7,1),(1382,'2018-11-20 08:46:52.387318','6823','桂王桥南街28号',3,'',7,1),(1383,'2018-11-20 08:46:52.401872','6809','庆云北街21号院',3,'',7,1),(1384,'2018-11-20 08:46:52.421443','6805','五世同堂街27号院',3,'',7,1),(1385,'2018-11-20 08:46:52.436355','6801','玉观皇街1号院',3,'',7,1),(1386,'2018-11-20 08:46:52.447939','6796','东较场街127号院',3,'',7,1),(1387,'2018-11-20 08:46:52.459568','6794','桂王桥东街2号院',3,'',7,1),(1388,'2018-11-20 08:46:52.470417','6793','五世同堂街66号院',3,'',7,1),(1389,'2018-11-20 08:46:52.482771','6792','五世同堂街1号院',3,'',7,1),(1390,'2018-11-20 08:46:52.492719','6791','岳府街社区(桂王桥西街)',3,'',7,1),(1391,'2018-11-20 08:48:13.247402','5953','东安北左街37号院',3,'',7,1),(1392,'2018-11-20 08:48:13.259336','5915','成都晚报宿舍',3,'',7,1),(1393,'2018-11-20 08:48:13.280274','5908','成都市第二人民医院宿舍',3,'',7,1),(1394,'2018-11-20 08:48:13.285565','5893','第一人民医院宿舍',3,'',7,1),(1395,'2018-11-20 08:48:13.292360','5882','桂王桥西街23号院',3,'',7,1),(1396,'2018-11-20 08:48:13.303096','5881','中道街52号院',3,'',7,1),(1397,'2018-11-20 08:48:13.308160','5854','广播电台宿舍',3,'',7,1),(1398,'2018-11-20 08:48:13.315169','5842','五世同堂街72号院',3,'',7,1),(1399,'2018-11-20 08:48:13.319993','5841','五世同堂街44号院',3,'',7,1),(1400,'2018-11-20 08:48:13.324211','5838','五昭路4号院',3,'',7,1),(1401,'2018-11-20 08:48:13.329069','5836','东新街5号院',3,'',7,1),(1402,'2018-11-20 08:48:13.334687','5835','东新街1号院',3,'',7,1),(1403,'2018-11-20 08:48:13.340155','5810','拐枣树街73号院',3,'',7,1),(1404,'2018-11-20 08:48:56.901058','11344','少城雅居',3,'',7,1),(1405,'2018-11-20 08:48:56.916561','11342','省展览馆宿舍',3,'',7,1),(1406,'2018-11-20 08:48:56.929121','11323','青羊北路11号院',3,'',7,1),(1407,'2018-11-20 08:48:56.938219','11322','青羊北路15号院',3,'',7,1),(1408,'2018-11-20 08:48:56.952554','11320','青羊东二路125号院',3,'',7,1),(1409,'2018-11-20 08:48:56.977097','10256','十二桥路17号院',3,'',7,1),(1410,'2018-11-20 08:48:56.992812','10254','西安路枣子巷社区',3,'',7,1),(1411,'2018-11-20 08:48:57.005402','10249','青羊东一路47号院',3,'',7,1),(1412,'2018-11-20 08:48:57.026335','10212','西安南路29号院',3,'',7,1),(1413,'2018-11-20 08:48:57.039284','9382','枣子巷47号院',3,'',7,1),(1414,'2018-11-20 08:48:57.056719','9329','下同仁路83号院',3,'',7,1),(1415,'2018-11-20 08:48:57.070127','9276','锦芙蓉',3,'',7,1),(1416,'2018-11-20 08:48:57.075166','9178','西安北路三巷1号院',3,'',7,1),(1417,'2018-11-20 08:48:57.090446','9151','新罗路49号院',3,'',7,1),(1418,'2018-11-20 08:48:57.102779','9150','新罗路48号院',3,'',7,1),(1419,'2018-11-20 08:48:57.118687','9149','永陵路11号院',3,'',7,1),(1420,'2018-11-20 08:48:57.132417','9147','永陵路13号院',3,'',7,1),(1421,'2018-11-20 08:48:57.139841','9145','永陵路15号院',3,'',7,1),(1422,'2018-11-20 08:48:57.149057','8992','西安南路78号院',3,'',7,1),(1423,'2018-11-20 08:48:57.153920','8969','西安南路61号院',3,'',7,1),(1424,'2018-11-20 08:48:57.160371','8967','枣子巷17号院',3,'',7,1),(1425,'2018-11-20 08:48:57.171734','8962','十二桥路20号院',3,'',7,1),(1426,'2018-11-20 08:48:57.183709','8911','四川省审计局宿舍',3,'',7,1),(1427,'2018-11-20 08:48:57.191089','8907','金牛区房管局',3,'',7,1),(1428,'2018-11-20 08:48:57.197937','8897','成都画院宿舍',3,'',7,1),(1429,'2018-11-20 08:48:57.211843','8880','西安北路三巷6号院',3,'',7,1),(1430,'2018-11-20 08:48:57.222244','8879','西安北路三巷74号院',3,'',7,1),(1431,'2018-11-20 08:48:57.240008','8877','西安北路104号院',3,'',7,1),(1432,'2018-11-20 08:48:57.255638','8876','西安北路三巷3号院',3,'',7,1),(1433,'2018-11-20 08:48:57.271378','8875','西安北路三巷2号院',3,'',7,1),(1434,'2018-11-20 08:49:40.840104','8873','西安北路三巷5号院',3,'',7,1),(1435,'2018-11-20 08:49:40.862637','8871','舞蹈学院宿舍',3,'',7,1),(1436,'2018-11-20 08:49:40.876782','8865','西安中路92号院',3,'',7,1),(1437,'2018-11-20 08:49:40.883052','8863','二道桥街32号院',3,'',7,1),(1438,'2018-11-20 08:49:40.893920','8854','芙蓉阁',3,'',7,1),(1439,'2018-11-20 08:49:40.899974','8846','西安中路10号院',3,'',7,1),(1440,'2018-11-20 08:49:40.911501','8834','西青路53号院',3,'',7,1),(1441,'2018-11-20 08:49:40.917823','8822','西南北路二道桥街72号院',3,'',7,1),(1442,'2018-11-20 08:49:40.926789','8817','西城小筑',3,'',7,1),(1443,'2018-11-20 08:49:40.932227','8789','国家审计署宿舍',3,'',7,1),(1444,'2018-11-20 08:49:40.942081','8730','南林花园二期',3,'',7,1),(1445,'2018-11-20 08:49:40.949787','8717','地税局机关宿舍',3,'',7,1),(1446,'2018-11-20 08:49:40.958796','8700','实业街57号院',3,'',7,1),(1447,'2018-11-20 08:49:40.962363','8696','二道桥街74号院',3,'',7,1),(1448,'2018-11-20 08:49:40.968268','4057','成都市青羊小区',3,'',7,1),(1449,'2018-11-20 08:49:40.976933','3420','锦都四期',3,'',7,1),(1450,'2018-11-20 08:49:40.981774','3095','芙蓉花园',3,'',7,1),(1451,'2018-11-20 08:49:40.990662','1876','青羊东一路68号院',3,'',7,1),(1452,'2018-11-20 08:49:40.996496','1645','枣子巷13号院',3,'',7,1),(1453,'2018-11-20 08:49:41.007072','1148','西安北路三巷小区',3,'',7,1),(1454,'2018-11-20 08:49:41.013227','820','十二桥路34号院',3,'',7,1),(1455,'2018-11-20 08:49:41.021801','799','枣子巷11号院',3,'',7,1),(1456,'2018-11-20 08:49:41.031301','645','青羊北路3号院',3,'',7,1),(1457,'2018-11-20 08:49:41.041091','630','青羊东二路78号院',3,'',7,1),(1458,'2018-11-20 08:51:08.820213','7567','硼砂厂宿舍',3,'',7,1),(1459,'2018-11-20 08:51:08.830539','7563','名栖苑',3,'',7,1),(1460,'2018-11-20 08:51:08.837056','4632','军安卫士花园',3,'',7,1),(1461,'2018-11-20 08:51:08.843272','4626','楠香山',3,'',7,1),(1462,'2018-11-20 08:51:08.853550','4591','香榭国际',3,'',7,1),(1463,'2018-11-20 08:51:08.856681','4561','领馆区1号',3,'',7,1),(1464,'2018-11-20 08:51:08.862757','4449','嘉年华御府',3,'',7,1),(1465,'2018-11-20 08:51:08.870118','4405','中铁城锦南汇',3,'',7,1),(1466,'2018-11-20 08:51:08.873915','4306','御廷上郡',3,'',7,1),(1467,'2018-11-20 08:51:08.883633','4300','红树湾',3,'',7,1),(1468,'2018-11-20 08:51:08.890367','4286','育才竹岛',3,'',7,1),(1469,'2018-11-20 08:51:08.898946','4147','锦江帆影',3,'',7,1),(1470,'2018-11-20 08:51:08.910827','4055','南桥春天',3,'',7,1),(1471,'2018-11-20 08:51:08.923602','4029','领馆逸品',3,'',7,1),(1472,'2018-11-20 08:51:08.933342','3875','翡翠半岛国际社区',3,'',7,1),(1473,'2018-11-20 08:51:08.940084','3846','欧尚庭院',3,'',7,1),(1474,'2018-11-20 08:51:08.948721','3841','卡斯摩广场',3,'',7,1),(1475,'2018-11-20 08:51:08.956990','3807','青年一号',3,'',7,1),(1476,'2018-11-20 08:51:08.962170','3805','龙祥佳苑',3,'',7,1),(1477,'2018-11-20 08:51:08.974346','3744','新港国际花园',3,'',7,1),(1478,'2018-11-20 08:51:08.978272','3374','警官公寓',3,'',7,1),(1479,'2018-11-20 08:51:08.988111','3290','香木林领馆尚城',3,'',7,1),(1480,'2018-11-20 08:51:08.995204','3289','怡丰花园',3,'',7,1),(1481,'2018-11-20 08:51:09.007113','3285','华宜铂仕公馆',3,'',7,1),(1482,'2018-11-20 08:51:09.011486','3265','丹桂苑',3,'',7,1),(1483,'2018-11-20 08:51:09.020308','3258','三和南锦',3,'',7,1),(1484,'2018-11-20 08:51:09.033724','3123','润兰花园',3,'',7,1),(1485,'2018-11-20 08:51:09.044745','3120','华楠半岛',3,'',7,1),(1486,'2018-11-20 08:51:09.055839','3017','锦城汉府',3,'',7,1),(1487,'2018-11-20 08:51:09.060958','2953','朝阳丽景',3,'',7,1),(1488,'2018-11-20 09:02:15.933049','77','建设路',3,'',14,1),(1489,'2018-11-20 09:02:15.953068','76','府青路',3,'',14,1),(1490,'2018-11-20 09:02:15.961091','45','双桥子',3,'',14,1),(1491,'2018-11-20 11:07:11.656477','555','碧桂园的长租梦：明年才是爆发的一年',2,'[{\"changed\": {\"fields\": [\"content\"]}}]',18,1),(1492,'2018-11-20 11:10:40.522890','92','成都积分入户名单公示！最低分122，你上榜了吗？附完整名单！',2,'[{\"changed\": {\"fields\": [\"content\"]}}]',18,1),(1493,'2018-11-20 11:11:12.873420','11','500多位租客退租金等了小半年，这家长租公寓的毛病怎么治？',2,'[{\"changed\": {\"fields\": [\"content\"]}}]',18,1),(1494,'2018-11-20 11:11:41.751192','10','妙招│绝了！衣服不管染上什么，用这招都能洗掉！',2,'[{\"changed\": {\"fields\": [\"content\", \"keyword\"]}}]',18,1),(1495,'2018-11-20 11:12:11.781387','9','四川已有10市入春 成都还得等等 26日阳光休息一下',2,'[{\"changed\": {\"fields\": [\"content\"]}}]',18,1),(1496,'2018-11-20 11:14:55.329426','8','长租公寓行业“千团大战”已爆发，运营商该如何保命？',2,'[{\"changed\": {\"fields\": [\"content\", \"keyword\"]}}]',18,1),(1497,'2018-11-20 11:15:18.398686','7','今天起，成都积分入户进入网上预约申报！附分值计算规则、预约攻略',2,'[{\"changed\": {\"fields\": [\"content\"]}}]',18,1),(1498,'2018-11-20 11:15:32.314855','6','2018年最新驾考流程和报考条件出炉，要考驾照的看过来！',2,'[{\"changed\": {\"fields\": [\"content\", \"keyword\"]}}]',18,1),(1499,'2018-11-20 11:15:59.568926','5','喝牛奶常犯的8个错误，这么多年都“白喝”了',3,'',18,1),(1500,'2018-11-20 11:16:12.616825','4','4万亿大风口，2.7亿人刚需！住房租赁金融，会上演疯狂吗？',2,'[{\"changed\": {\"fields\": [\"content\"]}}]',18,1),(1501,'2018-11-20 11:16:26.452006','3','你知道吗？这些之前需要花钱办的事，现在统统都免费啦！',2,'[{\"changed\": {\"fields\": [\"content\"]}}]',18,1),(1502,'2018-11-20 11:16:40.079109','2','长租公寓租金贷308天陨落小史',2,'[{\"changed\": {\"fields\": [\"content\"]}}]',18,1),(1503,'2018-11-20 11:16:52.465601','1','为迎春运地铁延时公交通宵，这些时间点你要记着！',2,'[{\"changed\": {\"fields\": [\"content\"]}}]',18,1),(1504,'2018-11-20 11:27:41.163650','195','黄龙溪',2,'[{\"changed\": {\"fields\": [\"status\"]}}]',14,1),(1505,'2018-11-20 11:27:41.198327','193','麓山',2,'[{\"changed\": {\"fields\": [\"status\"]}}]',14,1),(1506,'2018-11-20 11:27:41.223369','166','蛟龙港',2,'[{\"changed\": {\"fields\": [\"status\"]}}]',14,1),(1507,'2018-11-20 11:27:41.242760','155','航空港',2,'[{\"changed\": {\"fields\": [\"status\"]}}]',14,1),(1508,'2018-11-20 11:27:41.262733','138','白家',2,'[{\"changed\": {\"fields\": [\"status\"]}}]',14,1),(1509,'2018-11-20 11:27:41.279385','132','牧马山',2,'[{\"changed\": {\"fields\": [\"status\"]}}]',14,1),(1510,'2018-11-20 11:27:41.297072','86','文星',2,'[{\"changed\": {\"fields\": [\"status\"]}}]',14,1),(1511,'2018-11-20 11:27:41.312473','78','彭镇',2,'[{\"changed\": {\"fields\": [\"status\"]}}]',14,1),(1512,'2018-11-20 11:27:41.329210','38','华阳',2,'[{\"changed\": {\"fields\": [\"status\"]}}]',14,1),(1513,'2018-11-20 11:27:41.344718','11','东升镇',2,'[{\"changed\": {\"fields\": [\"status\"]}}]',14,1),(1514,'2018-11-20 11:29:17.743401','10','三楼，精装套二《神仙园》挨着七号线地铁口 配置齐全 拎包入住,神仙树南路11号',2,'[{\"changed\": {\"fields\": [\"status\"]}}]',10,1),(1515,'2018-11-20 11:29:17.768477','9','精品理发店转让 没转让费 做其他生意 办公可以 黄.金地段,营康西路427号',2,'[{\"changed\": {\"fields\": [\"status\"]}}]',10,1),(1516,'2018-11-20 11:29:17.802666','8','神仙园 套二 家具家电齐全 可随时看房,神仙树南路11号',2,'[{\"changed\": {\"fields\": [\"status\"]}}]',10,1),(1517,'2018-11-20 11:29:17.833989','7','神仙园 2室1厅1卫,神仙树南路11号',2,'[{\"changed\": {\"fields\": [\"status\"]}}]',10,1),(1518,'2018-11-20 11:29:17.876224','6','美食一条街，精装套二，拎包入住，一品天下地铁口，一品天下C区,营康西路427号',2,'[{\"changed\": {\"fields\": [\"status\"]}}]',10,1),(1519,'2018-11-20 11:29:17.926440','5','一品天下带50平方花园1800套一 地铁2号线一品天下站旁,营康西路427号',2,'[{\"changed\": {\"fields\": [\"status\"]}}]',10,1),(1520,'2018-11-20 11:29:17.955873','4','茶店子一品天下，地铁2号线旁，石笋街小学旁，精装全配。,营康西路427号',2,'[{\"changed\": {\"fields\": [\"status\"]}}]',10,1),(1521,'2018-11-20 11:29:17.980951','3','茶店子地铁旁 精装套三 温馨电梯房,金牛坝路5号',2,'[{\"changed\": {\"fields\": [\"status\"]}}]',10,1),(1522,'2018-11-20 11:29:18.010678','2','金牛大道 茶店子 交通便利 安静舒适 精装套一 拎包入住,金牛坝路5号',2,'[{\"changed\": {\"fields\": [\"status\"]}}]',10,1),(1523,'2018-11-20 11:29:18.036964','1','整租 茶店子西雅语嫣 出门就是公交 家具家电齐全,金牛坝路5号',2,'[{\"changed\": {\"fields\": [\"status\"]}}]',10,1),(1524,'2018-11-20 11:29:47.796380','7','今天起，成都积分入户进入网上预约申报！附分值计算规则、预约攻略',2,'[{\"changed\": {\"fields\": [\"status\"]}}]',18,1),(1525,'2018-11-20 11:30:52.472266','13','龙泉驿',2,'[{\"changed\": {\"fields\": [\"status\"]}}]',16,1),(1526,'2018-11-20 11:30:52.510887','12','高新西区',2,'[{\"changed\": {\"fields\": [\"status\"]}}]',16,1),(1527,'2018-11-20 11:30:52.524714','11','高新区',2,'[{\"changed\": {\"fields\": [\"status\"]}}]',16,1),(1528,'2018-11-20 11:30:52.572161','10','青羊',2,'[{\"changed\": {\"fields\": [\"status\"]}}]',16,1),(1529,'2018-11-20 11:30:52.639732','9','锦江',2,'[{\"changed\": {\"fields\": [\"status\"]}}]',16,1),(1530,'2018-11-20 11:30:52.692093','8','金牛',2,'[{\"changed\": {\"fields\": [\"status\"]}}]',16,1),(1531,'2018-11-20 11:30:52.741636','7','郫县',2,'[{\"changed\": {\"fields\": [\"status\"]}}]',16,1),(1532,'2018-11-20 11:30:52.785396','6','温江',2,'[{\"changed\": {\"fields\": [\"status\"]}}]',16,1),(1533,'2018-11-20 11:30:52.812051','5','武侯',2,'[{\"changed\": {\"fields\": [\"status\"]}}]',16,1),(1534,'2018-11-20 11:30:52.845450','4','新都',2,'[{\"changed\": {\"fields\": [\"status\"]}}]',16,1),(1535,'2018-11-20 11:30:52.871371','3','成华',2,'[{\"changed\": {\"fields\": [\"status\"]}}]',16,1),(1536,'2018-11-20 11:30:52.920758','2','天府新区',2,'[{\"changed\": {\"fields\": [\"status\"]}}]',16,1),(1537,'2018-11-20 11:30:52.953993','1','双流',2,'[{\"changed\": {\"fields\": [\"status\"]}}]',16,1),(1538,'2018-11-20 11:41:25.439561','10','三楼，精装套二《神仙园》挨着七号线地铁口 配置齐全 拎包入住,神仙树南路11号',2,'[{\"changed\": {\"fields\": [\"imgurl\"]}}]',10,1),(1539,'2018-11-20 11:53:16.863487','1','<img src=\"media/images/housealbum/5af92de762c0a.jpg\">',1,'[{\"added\": {}}]',17,1),(1540,'2018-11-20 11:54:44.151684','2','<img src=\"media/images/housealbum/5af92e1fb2d79.jpg\">',1,'[{\"added\": {}}]',17,1),(1541,'2018-11-20 11:55:49.831782','3','<img src=\"media/images/housealbum/5af92e519bc33.jpg\">',1,'[{\"added\": {}}]',17,1),(1542,'2018-11-20 11:57:24.453696','4','<img src=\"media/images/housealbum/5af92e042878b.jpg\">',1,'[{\"added\": {}}]',17,1),(1543,'2018-11-20 11:58:37.312313','5','<img src=\"media/images/housealbum/5af92e49be624.jpg\">',1,'[{\"added\": {}}]',17,1),(1544,'2018-11-20 12:04:23.072689','5','<img src=\"media/images/housealbum/5af92e49be624.jpg\">',2,'[{\"changed\": {\"fields\": [\"sort\"]}}]',17,1),(1545,'2018-11-20 12:04:23.095328','4','<img src=\"media/images/housealbum/5af92e042878b.jpg\">',2,'[{\"changed\": {\"fields\": [\"sort\"]}}]',17,1),(1546,'2018-11-20 12:04:23.131243','3','<img src=\"media/images/housealbum/5af92e519bc33.jpg\">',2,'[{\"changed\": {\"fields\": [\"sort\"]}}]',17,1),(1547,'2018-11-20 12:04:23.178655','2','<img src=\"media/images/housealbum/5af92e1fb2d79.jpg\">',2,'[{\"changed\": {\"fields\": [\"sort\"]}}]',17,1),(1548,'2018-11-20 12:04:23.201004','1','<img src=\"media/images/housealbum/5af92de762c0a.jpg\">',2,'[{\"changed\": {\"fields\": [\"sort\"]}}]',17,1),(1549,'2018-11-20 12:16:10.960895','92','成都积分入户名单公示！最低分122，你上榜了吗？附完整名单！',2,'[{\"changed\": {\"fields\": [\"imgurl\"]}}]',18,1),(1550,'2018-11-21 07:11:01.762305','2','一品天下D区',2,'[{\"changed\": {\"fields\": [\"traffic\"]}}]',7,1),(1551,'2018-11-22 02:41:53.319277','10','三楼，精装套二《神仙园》挨着七号线地铁口 配置齐全 拎包入住,神仙树南路11号',2,'[{\"changed\": {\"fields\": [\"keyword\", \"facilities\"]}}]',10,2);
/*!40000 ALTER TABLE `django_admin_log` ENABLE KEYS */;
UNLOCK TABLES;

--
-- Table structure for table `django_content_type`
--

DROP TABLE IF EXISTS `django_content_type`;
/*!40101 SET @saved_cs_client     = @@character_set_client */;
/*!40101 SET character_set_client = utf8 */;
CREATE TABLE `django_content_type` (
  `id` int(11) NOT NULL AUTO_INCREMENT,
  `app_label` varchar(100) NOT NULL,
  `model` varchar(100) NOT NULL,
  PRIMARY KEY (`id`),
  UNIQUE KEY `django_content_type_app_label_model_76bd3d3b_uniq` (`app_label`,`model`)
) ENGINE=InnoDB AUTO_INCREMENT=20 DEFAULT CHARSET=utf8;
/*!40101 SET character_set_client = @saved_cs_client */;

--
-- Dumping data for table `django_content_type`
--

LOCK TABLES `django_content_type` WRITE;
/*!40000 ALTER TABLE `django_content_type` DISABLE KEYS */;
INSERT INTO `django_content_type` VALUES (1,'admin','logentry'),(14,'apply','block'),(7,'apply','community'),(8,'apply','customer'),(11,'apply','facilities'),(10,'apply','house'),(17,'apply','housealbum'),(13,'apply','house_album'),(18,'apply','life'),(19,'apply','lifetype'),(16,'apply','region'),(9,'apply','rentlife'),(15,'apply','rentlife_type'),(12,'apply','traffic'),(3,'auth','group'),(2,'auth','permission'),(4,'auth','user'),(5,'contenttypes','contenttype'),(6,'sessions','session');
/*!40000 ALTER TABLE `django_content_type` ENABLE KEYS */;
UNLOCK TABLES;

--
-- Table structure for table `django_migrations`
--

DROP TABLE IF EXISTS `django_migrations`;
/*!40101 SET @saved_cs_client     = @@character_set_client */;
/*!40101 SET character_set_client = utf8 */;
CREATE TABLE `django_migrations` (
  `id` int(11) NOT NULL AUTO_INCREMENT,
  `app` varchar(255) NOT NULL,
  `name` varchar(255) NOT NULL,
  `applied` datetime(6) NOT NULL,
  PRIMARY KEY (`id`)
) ENGINE=InnoDB AUTO_INCREMENT=17 DEFAULT CHARSET=utf8;
/*!40101 SET character_set_client = @saved_cs_client */;

--
-- Dumping data for table `django_migrations`
--

LOCK TABLES `django_migrations` WRITE;
/*!40000 ALTER TABLE `django_migrations` DISABLE KEYS */;
INSERT INTO `django_migrations` VALUES (1,'contenttypes','0001_initial','2018-11-07 10:16:25.130243'),(2,'auth','0001_initial','2018-11-07 10:16:25.462307'),(3,'admin','0001_initial','2018-11-07 10:16:25.568788'),(4,'admin','0002_logentry_remove_auto_add','2018-11-07 10:16:25.602336'),(5,'apply','0001_initial','2018-11-07 10:16:25.652935'),(6,'contenttypes','0002_remove_content_type_name','2018-11-07 10:16:25.758159'),(7,'auth','0002_alter_permission_name_max_length','2018-11-07 10:16:25.790061'),(8,'auth','0003_alter_user_email_max_length','2018-11-07 10:16:25.852912'),(9,'auth','0004_alter_user_username_opts','2018-11-07 10:16:25.887435'),(10,'auth','0005_alter_user_last_login_null','2018-11-07 10:16:25.934712'),(11,'auth','0006_require_contenttypes_0002','2018-11-07 10:16:25.939366'),(12,'auth','0007_alter_validators_add_error_messages','2018-11-07 10:16:25.968277'),(13,'auth','0008_alter_user_username_max_length','2018-11-07 10:16:26.072457'),(14,'sessions','0001_initial','2018-11-07 10:16:26.113613'),(15,'apply','0002_auto_20181108_2019','2018-11-08 12:19:18.473796'),(16,'apply','0002_delete_traffic','2018-11-09 07:38:17.678540');
/*!40000 ALTER TABLE `django_migrations` ENABLE KEYS */;
UNLOCK TABLES;

--
-- Table structure for table `django_session`
--

DROP TABLE IF EXISTS `django_session`;
/*!40101 SET @saved_cs_client     = @@character_set_client */;
/*!40101 SET character_set_client = utf8 */;
CREATE TABLE `django_session` (
  `session_key` varchar(40) NOT NULL,
  `session_data` longtext NOT NULL,
  `expire_date` datetime(6) NOT NULL,
  PRIMARY KEY (`session_key`),
  KEY `django_session_expire_date_a5c62663` (`expire_date`)
) ENGINE=InnoDB DEFAULT CHARSET=utf8;
/*!40101 SET character_set_client = @saved_cs_client */;

--
-- Dumping data for table `django_session`
--

LOCK TABLES `django_session` WRITE;
/*!40000 ALTER TABLE `django_session` DISABLE KEYS */;
INSERT INTO `django_session` VALUES ('8jntjjwyqfi1xgvqijdjkeyuma8xwo7x','NzU3YzYyY2ZmN2EwOTEwYTE4OTcyY2RmZWQ1NTlmZDBhZGFjZTUzZTp7Il9hdXRoX3VzZXJfaWQiOiIyIiwiX2F1dGhfdXNlcl9oYXNoIjoiZWJmNzkwOTZjZjFlNmEwNjk2ZjY0YjM0MmYwZGIxYjE4M2Q2N2RiMyIsIl9hdXRoX3VzZXJfYmFja2VuZCI6ImRqYW5nby5jb250cmliLmF1dGguYmFja2VuZHMuTW9kZWxCYWNrZW5kIn0=','2018-12-06 02:39:20.074007'),('ugpq80frja4csdbdmly6zpqx7hmzco6w','NjQxNTUxZWM0NWQ4N2Y5MmE0MmJmYTI5NDY5YzQzYjk0OWU2ZTNhZDp7Il9hdXRoX3VzZXJfaGFzaCI6IjI0ZGVlZWJhMzFjNmE5N2ZlODA2YTNiZjJlMzdmNGExNDU4ZDY0MDYiLCJfYXV0aF91c2VyX2JhY2tlbmQiOiJkamFuZ28uY29udHJpYi5hdXRoLmJhY2tlbmRzLk1vZGVsQmFja2VuZCIsIl9hdXRoX3VzZXJfaWQiOiIxIn0=','2018-11-21 10:33:47.264122');
/*!40000 ALTER TABLE `django_session` ENABLE KEYS */;
UNLOCK TABLES;
/*!40103 SET TIME_ZONE=@OLD_TIME_ZONE */;

/*!40101 SET SQL_MODE=@OLD_SQL_MODE */;
/*!40014 SET FOREIGN_KEY_CHECKS=@OLD_FOREIGN_KEY_CHECKS */;
/*!40014 SET UNIQUE_CHECKS=@OLD_UNIQUE_CHECKS */;
/*!40101 SET CHARACTER_SET_CLIENT=@OLD_CHARACTER_SET_CLIENT */;
/*!40101 SET CHARACTER_SET_RESULTS=@OLD_CHARACTER_SET_RESULTS */;
/*!40101 SET COLLATION_CONNECTION=@OLD_COLLATION_CONNECTION */;
/*!40111 SET SQL_NOTES=@OLD_SQL_NOTES */;

-- Dump completed on 2018-12-01 15:51:45
